Zip,Population,County,State,WiredCount_2020,Fwcount_2020,AllProviderCount_2020,Wired25_3_2020,Wired100_3_2020,All25_3_2020,All100_3,TestCount,AverageMbps,FastestAverageMbps,%Access to Terrestrial Broadband,Lowest Priced Terrestrial Broadband Plan,WiredCount_2015,Fwcount_2015,AllProviderCount_2015,Wired25_3_2015,Wired100_3_2015,All25_3_2015,All100_3_1,polyname,fips
31563,1324,Appling,Georgia,3,1,8,1,1,3,1,NA,NA,NA,4%,NULL,6,0,8,0,0,0,0,"georgia,appling",13001
31513,16084,Appling,Georgia,7,1,12,5,3,7,3,216,27.16,48.91,64%,55,3,0,5,1,0,1,0,"georgia,appling",13001
31518,704,Appling,Georgia,3,1,8,1,1,3,1,1,20.63,20.63,0%,79.99,3,0,5,0,0,0,0,"georgia,appling",13001
31624,1273,Atkinson,Georgia,6,1,12,3,2,5,2,NA,NA,NA,13%,79.99,2,0,4,0,0,0,0,"georgia,atkinson",13003
31642,4898,Atkinson,Georgia,4,0,9,3,3,5,4,1323,15.92,42.78,70%,34.95,3,0,5,1,1,1,1,"georgia,atkinson",13003
31650,3311,Atkinson,Georgia,6,0,11,5,5,7,6,59,6.07,15.67,82%,25,4,0,6,2,2,2,2,"georgia,atkinson",13003
31510,9848,Bacon,Georgia,6,1,12,4,4,6,4,962,68.68,148.03,83%,25,3,0,5,1,0,1,0,"georgia,bacon",13005
39870,2238,Baker,Georgia,2,1,8,2,0,4,1,8,62.82,83.66,49%,55,1,0,3,0,0,0,0,"georgia,baker",13007
31062,495,Baldwin,Georgia,2,0,7,1,1,3,1,NA,NA,NA,100%,74.99,5,0,7,1,1,1,1,"georgia,baldwin",13009
31061,43755,Baldwin,Georgia,9,1,15,8,8,10,8,25451,122.72,323.68,95%,35,5,0,7,4,3,4,3,"georgia,baldwin",13009
30511,3186,Banks,Georgia,3,1,9,3,3,5,3,4029,29.58,53.19,84%,59.95,2,0,4,1,1,1,1,"georgia,banks",13011
30547,3268,Banks,Georgia,4,0,9,4,4,6,4,476,13.53,28.06,73%,79.99,1,0,3,0,0,0,0,"georgia,banks",13011
30011,14402,Barrow,Georgia,7,0,12,7,7,9,8,2590,109.84,232.62,100%,35,3,0,5,2,1,2,1,"georgia,barrow",13013
30517,11963,Barrow,Georgia,8,0,13,8,8,10,9,3210,98.34,229.63,100%,35,4,0,6,3,2,3,2,"georgia,barrow",13013
30620,12486,Barrow,Georgia,6,0,11,6,6,8,7,1146,67.91,222.47,100%,35,3,0,5,1,1,1,1,"georgia,barrow",13013
30666,8659,Barrow,Georgia,7,0,12,6,6,8,7,4606,320.62,535.38,100%,35,4,0,6,3,2,3,2,"georgia,barrow",13013
30680,37837,Barrow,Georgia,7,0,12,7,7,9,8,60153,86.75,168.69,99%,35,3,0,5,1,1,1,1,"georgia,barrow",13013
30103,14781,Bartow,Georgia,5,1,11,5,5,7,6,1369,39.46,86.87,98%,35,2,0,4,1,1,1,1,"georgia,bartow",13015
30120,38085,Bartow,Georgia,6,1,12,6,6,8,7,23823,74.88,282.28,99%,35,3,0,5,2,1,2,1,"georgia,bartow",13015
30121,22078,Bartow,Georgia,5,1,11,5,5,7,6,2378,44.01,124.48,100%,35,2,0,4,2,1,2,1,"georgia,bartow",13015
30137,1650,Bartow,Georgia,4,1,10,4,4,6,5,0,0,0,100%,35,2,0,4,2,1,2,1,"georgia,bartow",13015
30139,3845,Bartow,Georgia,5,1,11,4,3,6,4,696,4.43,7.69,62%,55,6,0,8,3,2,3,2,"georgia,bartow",13015
30145,8378,Bartow,Georgia,5,1,11,5,5,7,6,102,74.99,198.13,93%,35,2,0,4,2,1,2,1,"georgia,bartow",13015
30171,3491,Bartow,Georgia,6,1,12,5,5,7,6,10,2.35,2.88,96%,35,3,0,5,2,1,2,1,"georgia,bartow",13015
30178,3468,Bartow,Georgia,4,1,10,4,4,6,5,56,34.87,82.4,97%,35,2,0,4,2,1,2,1,"georgia,bartow",13015
30184,6847,Bartow,Georgia,7,1,13,7,7,9,8,332,14.88,46.99,99%,35,3,0,5,2,1,2,1,"georgia,bartow",13015
31750,18687,Ben Hill,Georgia,5,0,10,5,4,7,5,15489,25.16,60.68,90%,44.95,2,0,4,1,1,1,1,"georgia,ben hill",13017
31622,2178,Berrien,Georgia,3,0,7,3,3,5,4,362,19.06,48.12,79%,69.99,2,0,4,1,1,1,1,"georgia,berrien",13019
31639,10537,Berrien,Georgia,3,0,8,3,3,5,4,1616,20.05,45.41,87%,69.99,2,0,4,1,1,1,1,"georgia,berrien",13019
31645,5147,Berrien,Georgia,5,0,10,3,3,5,4,54,43.01,90.16,88%,69.99,3,0,5,1,1,1,1,"georgia,berrien",13019
31749,2783,Berrien,Georgia,7,1,13,3,3,5,4,268,27,40.54,91%,69.99,4,0,6,1,1,1,1,"georgia,berrien",13019
31294,NULL,Bibb,Georgia,NA,NA,NA,NA,NA,NA,NA,NA,NA,NA,NA,NA,NA,NA,NA,NA,NA,NA,NA,"georgia,bibb",13021
31295,NULL,Bibb,Georgia,NA,NA,NA,NA,NA,NA,NA,NA,NA,NA,NA,NA,NA,NA,NA,NA,NA,NA,NA,"georgia,bibb",13021
31296,NULL,Bibb,Georgia,NA,NA,NA,NA,NA,NA,NA,NA,NA,NA,NA,NA,NA,NA,NA,NA,NA,NA,NA,"georgia,bibb",13021
31052,8652,Bibb,Georgia,7,1,14,5,1,7,1,2178,19.37,45.8,100%,65.99,4,1,7,3,1,4,1,"georgia,bibb",13021
31201,8761,Bibb,Georgia,9,0,15,6,6,8,6,2926,57.33,134.05,89%,35,4,0,6,2,2,2,2,"georgia,bibb",13021
31204,31482,Bibb,Georgia,9,0,15,7,5,9,5,6764,86.65,232.1,100%,35,3,0,5,1,1,1,1,"georgia,bibb",13021
31206,29072,Bibb,Georgia,7,0,13,7,4,9,4,1258,65.28,165.69,99%,35,4,0,6,2,1,2,1,"georgia,bibb",13021
31207,974,Bibb,Georgia,2,0,8,1,1,3,1,918,28.33,75.79,68%,65.99,2,0,4,1,1,1,1,"georgia,bibb",13021
31210,30968,Bibb,Georgia,12,1,19,10,7,12,7,12750,76.91,223.44,96%,35,5,0,7,2,1,2,1,"georgia,bibb",13021
31211,16282,Bibb,Georgia,8,0,14,5,5,7,5,4637,60.12,167.83,95%,35,4,0,6,1,1,1,1,"georgia,bibb",13021
31213,0,Bibb,Georgia,3,0,9,1,1,3,1,3,8.88,15.88,0%,65.99,2,0,4,1,1,1,1,"georgia,bibb",13021
31216,16109,Bibb,Georgia,5,0,11,3,3,5,3,13640,101.67,310.69,96%,35,4,0,6,2,1,2,1,"georgia,bibb",13021
31217,18408,Bibb,Georgia,8,1,15,5,5,7,5,1268,38.16,102.67,84%,35,3,0,5,1,1,1,1,"georgia,bibb",13021
31220,13839,Bibb,Georgia,7,1,14,5,3,7,3,2367,103.22,173.23,97%,35,5,0,7,3,1,3,1,"georgia,bibb",13021
31014,13756,Bleckley,Georgia,11,1,17,5,5,7,5,983,27.6,69.42,56%,69.99,6,0,8,1,0,1,0,"georgia,bleckley",13023
31566,3471,Brantley,Georgia,3,0,8,2,2,4,2,NA,NA,NA,100%,46,1,0,3,1,0,1,0,"georgia,brantley",13025
31542,2811,Brantley,Georgia,1,0,6,1,1,3,1,1,84.76,84.76,100%,69.99,2,0,4,2,1,2,1,"georgia,brantley",13025
31543,4796,Brantley,Georgia,2,1,8,2,2,4,2,226,61.88,130.2,96%,69.99,2,0,4,2,1,2,1,"georgia,brantley",13025
31553,5237,Brantley,Georgia,3,0,8,3,2,5,2,819,73.25,178.81,100%,69.99,1,0,3,1,0,1,0,"georgia,brantley",13025
31625,1171,Brooks,Georgia,2,0,7,1,1,3,2,NA,NA,NA,75%,NA,6,0,8,0,0,0,0,"georgia,brooks",13027
31629,902,Brooks,Georgia,2,0,7,1,1,3,2,66,9.11,26.29,57%,NULL,1,0,3,0,0,0,0,"georgia,brooks",13027
31638,1045,Brooks,Georgia,3,0,8,3,3,5,4,26,12.25,23.99,74%,69.99,1,0,3,0,0,0,0,"georgia,brooks",13027
31643,8709,Brooks,Georgia,7,1,13,5,5,7,6,650,29.56,112.06,87%,35,4,0,6,2,2,2,2,"georgia,brooks",13027
31308,7305,Bryan,Georgia,6,0,12,5,5,7,5,1889,71.5,225.61,100%,29,4,0,6,2,2,2,2,"georgia,bryan",13029
31321,6326,Bryan,Georgia,5,0,11,4,4,6,4,1514,46.27,97.26,100%,29,4,0,6,2,2,2,2,"georgia,bryan",13029
31324,20495,Bryan,Georgia,9,0,15,8,5,10,5,11945,99.55,232.01,97%,40,4,0,6,3,2,3,2,"georgia,bryan",13029
30415,6780,Bulloch,Georgia,6,0,12,5,5,7,5,2230,60.39,142.13,100%,29,3,0,5,0,0,0,0,"georgia,bulloch",13031
30450,2583,Bulloch,Georgia,5,0,11,5,5,7,5,490,73.99,204.82,100%,59.95,3,0,5,1,1,1,1,"georgia,bulloch",13031
30452,1567,Bulloch,Georgia,5,0,11,4,4,6,4,662,48.21,94.92,100%,59.95,5,0,7,1,1,1,1,"georgia,bulloch",13031
30458,41139,Bulloch,Georgia,6,0,12,5,5,7,5,25122,62.26,127.27,100%,50,5,0,7,3,1,3,1,"georgia,bulloch",13031
30460,427,Bulloch,Georgia,2,0,8,2,2,4,2,854,50.11,113.81,100%,59.95,1,0,3,0,0,0,0,"georgia,bulloch",13031
30461,13390,Bulloch,Georgia,6,0,12,5,5,7,6,2767,63.94,105.63,100%,50,3,0,5,1,0,1,0,"georgia,bulloch",13031
30426,1100,Burke,Georgia,3,1,9,1,1,3,2,254,6.46,15.23,8%,NULL,2,0,4,1,1,1,1,"georgia,burke",13033
30456,2119,Burke,Georgia,5,1,10,2,2,4,3,5,22.63,50.04,53%,79.99,3,0,5,1,1,1,1,"georgia,burke",13033
30816,2109,Burke,Georgia,4,1,10,2,2,4,3,3,0.74,0.98,44%,79.99,3,0,5,2,2,2,2,"georgia,burke",13033
30830,13966,Burke,Georgia,4,1,10,2,2,4,3,2080,44.99,141.92,83%,79.99,3,0,5,2,2,2,2,"georgia,burke",13033
30216,2159,Butts,Georgia,3,1,9,3,3,5,4,NA,NA,NA,96%,55,8,0,10,2,1,2,1,"georgia,butts",13035
30234,1934,Butts,Georgia,4,0,9,4,4,6,5,29,111.78,234.5,98%,35,2,0,4,2,1,2,1,"georgia,butts",13035
39813,2110,Calhoun,Georgia,4,1,9,1,1,3,2,15,6.52,9.2,62%,69.99,3,0,5,1,1,1,1,"georgia,calhoun",13037
39846,2440,Calhoun,Georgia,2,0,6,2,2,4,2,13,53.79,120.58,73%,69.99,2,0,4,0,0,0,0,"georgia,calhoun",13037
39862,1326,Calhoun,Georgia,1,0,6,0,0,2,1,382,12.15,46.69,0%,NULL,1,0,3,0,0,0,0,"georgia,calhoun",13037
39866,2122,Calhoun,Georgia,2,0,6,2,2,4,3,1,23.49,23.49,15%,NULL,1,0,3,0,0,0,0,"georgia,calhoun",13037
31568,1273,Camden,Georgia,3,0,8,3,3,5,3,NA,NA,NA,70%,66.95,6,0,8,3,0,3,0,"georgia,camden",13039
31547,1293,Camden,Georgia,2,0,7,2,2,4,2,4,1.93,2.54,72%,66.95,2,0,4,2,1,2,1,"georgia,camden",13039
31548,20020,Camden,Georgia,4,0,9,4,3,6,3,16722,83.73,287.11,100%,50,4,0,6,4,2,4,2,"georgia,camden",13039
31558,20373,Camden,Georgia,6,0,11,6,4,8,4,12774,83.98,281.56,100%,50,5,0,7,4,2,4,2,"georgia,camden",13039
31565,1841,Camden,Georgia,8,1,14,8,7,10,7,2,19.62,19.62,76%,35,3,0,5,3,0,3,0,"georgia,camden",13039
31569,5580,Camden,Georgia,4,0,9,4,3,6,3,186,51.33,103.67,97%,50,4,0,6,3,1,3,1,"georgia,camden",13039
30439,10877,Candler,Georgia,7,0,13,6,6,8,6,2288,33.08,71.36,100%,50,3,0,5,2,2,2,2,"georgia,candler",13043
30119,NULL,Carroll,Georgia,NA,NA,NA,NA,NA,NA,NA,NA,NA,NA,NA,NA,NA,NA,NA,NA,NA,NA,NA,"georgia,carroll",13045
30108,7256,Carroll,Georgia,4,2,11,4,2,7,3,443,19.65,41.66,78%,55,3,0,5,2,2,2,2,"georgia,carroll",13045
30116,23156,Carroll,Georgia,6,2,13,6,6,9,8,6801,53.46,150.76,93%,35,4,0,6,3,2,3,2,"georgia,carroll",13045
30117,34296,Carroll,Georgia,5,2,12,5,5,8,7,21587,72.52,217.02,98%,35,4,0,6,3,2,3,2,"georgia,carroll",13045
30118,2373,Carroll,Georgia,2,1,8,2,1,5,2,264,121.69,428.21,100%,55,2,0,4,2,1,2,1,"georgia,carroll",13045
30170,2994,Carroll,Georgia,3,1,9,1,1,3,1,13,184.54,741.42,26%,69.99,2,0,4,1,1,1,1,"georgia,carroll",13045
30180,34274,Carroll,Georgia,6,1,12,6,6,9,8,8583,83.84,236.55,99%,35,3,0,5,3,2,3,2,"georgia,carroll",13045
30182,2666,Carroll,Georgia,2,2,9,2,2,5,3,29,14.5,43.38,100%,55,3,0,5,2,1,2,1,"georgia,carroll",13045
30185,3892,Carroll,Georgia,5,1,11,4,4,6,5,24,29.6,90.06,93%,55,4,0,6,3,2,3,2,"georgia,carroll",13045
30736,41029,Catoosa,Georgia,15,0,21,12,12,14,13,15651,56.53,113.04,99%,35,12,0,14,8,4,8,4,"georgia,catoosa",13047
30742,7460,Catoosa,Georgia,7,0,13,7,7,9,8,1175,78.94,318.64,100%,35,6,0,8,5,4,5,4,"georgia,catoosa",13047
31537,10097,Charlton,Georgia,6,0,11,6,5,8,5,470,18.33,52.78,77%,50,5,0,7,4,1,4,1,"georgia,charlton",13049
31562,2177,Charlton,Georgia,3,1,9,3,3,6,4,214,17.92,47.75,65%,79.99,1,1,4,0,0,0,0,"georgia,charlton",13049
31421,NULL,Chatham,Georgia,NA,NA,NA,NA,NA,NA,NA,NA,NA,NA,NA,NA,NA,NA,NA,NA,NA,NA,NA,"georgia,chatham",13051
31322,21137,Chatham,Georgia,9,0,15,9,6,11,6,21910,100.41,250.71,100%,35,5,0,7,2,1,2,1,"georgia,chatham",13051
31328,3306,Chatham,Georgia,5,0,11,4,1,6,1,59,24.58,82.17,99%,50,3,0,5,1,1,1,1,"georgia,chatham",13051
31401,21696,Chatham,Georgia,8,0,14,7,5,9,5,12175,70.61,197.12,99%,35,6,0,8,3,2,3,2,"georgia,chatham",13051
31404,31024,Chatham,Georgia,6,0,12,4,3,6,3,4267,63.72,167.38,98%,35,4,0,6,2,1,2,1,"georgia,chatham",13051
31405,37207,Chatham,Georgia,10,0,16,9,6,11,6,13676,106.01,307.97,99%,35,7,0,9,4,2,4,2,"georgia,chatham",13051
31406,33965,Chatham,Georgia,8,0,14,8,6,10,6,9399,73.28,206.52,98%,35,5,0,7,2,1,2,1,"georgia,chatham",13051
31407,7244,Chatham,Georgia,9,0,15,6,6,8,6,4912,98.29,179.57,100%,35,4,0,6,2,1,2,1,"georgia,chatham",13051
31408,9952,Chatham,Georgia,9,0,15,9,6,11,6,92,45.24,167.74,96%,35,6,0,8,3,2,3,2,"georgia,chatham",13051
31410,23654,Chatham,Georgia,5,0,11,5,3,7,3,10373,89.11,228.68,100%,50,2,0,4,1,1,1,1,"georgia,chatham",13051
31411,8384,Chatham,Georgia,6,0,12,4,3,6,3,6913,122.39,343.7,100%,35,2,0,4,1,1,1,1,"georgia,chatham",13051
31415,12091,Chatham,Georgia,5,0,11,3,2,5,2,149,34.39,79.64,96%,50,4,0,6,2,1,2,1,"georgia,chatham",13051
31419,50954,Chatham,Georgia,7,0,13,6,5,8,5,18895,80.27,226.21,97%,35,5,0,7,2,1,2,1,"georgia,chatham",13051
31805,3191,Chattahoochee,Georgia,5,1,11,2,2,4,2,113,43.74,94.55,1%,69.99,3,0,5,1,1,1,1,"georgia,chattahoochee",13053
31905,16044,Chattahoochee,Georgia,5,0,11,3,2,5,2,5034,79.51,189.94,99%,44.99,4,0,6,3,2,3,2,"georgia,chattahoochee",13053
30730,1993,Chattooga,Georgia,3,2,10,3,3,7,3,4,68.56,202.32,99%,69.99,2,0,4,1,1,1,1,"georgia,chattooga",13055
30731,2428,Chattooga,Georgia,6,2,13,4,4,7,4,642,13.77,26.35,85%,69.95,5,0,7,1,1,1,1,"georgia,chattooga",13055
30747,16859,Chattooga,Georgia,6,3,14,4,4,8,4,1346,59.31,134.84,97%,69.99,3,0,5,1,1,1,1,"georgia,chattooga",13055
30753,6697,Chattooga,Georgia,5,1,11,4,4,7,4,522,36.22,95.83,98%,69.99,4,0,6,2,2,2,2,"georgia,chattooga",13055
30102,37470,Cherokee,Georgia,6,1,12,5,5,7,6,24433,132.67,312.36,98%,35,4,0,6,3,1,3,1,"georgia,cherokee",13057
30114,49774,Cherokee,Georgia,12,1,18,10,8,12,9,32043,169.88,434.41,99%,35,8,0,10,7,4,7,4,"georgia,cherokee",13057
30115,35672,Cherokee,Georgia,8,0,13,7,7,9,8,32193,115.6,290.4,99%,35,6,0,8,4,3,4,3,"georgia,cherokee",13057
30183,5282,Cherokee,Georgia,5,1,11,3,3,5,4,25,41.03,87.03,80%,79.99,3,0,5,1,1,1,1,"georgia,cherokee",13057
30188,52380,Cherokee,Georgia,8,0,13,8,8,10,9,42511,198.51,529.33,100%,35,6,0,8,5,4,5,4,"georgia,cherokee",13057
30189,36859,Cherokee,Georgia,6,1,12,5,5,7,6,25780,148.87,327.56,100%,35,2,0,4,2,1,2,1,"georgia,cherokee",13057
30601,20835,Clarke,Georgia,8,0,13,7,7,9,7,7068,135.03,429.64,100%,35,4,0,6,2,1,2,1,"georgia,clarke",13059
30602,2409,Clarke,Georgia,2,0,7,2,2,4,2,2330,121.73,349.13,100%,55,2,0,4,2,1,2,1,"georgia,clarke",13059
30605,39952,Clarke,Georgia,7,0,12,7,6,9,6,23503,110.64,260.4,100%,35,4,0,6,2,1,2,1,"georgia,clarke",13059
30606,40225,Clarke,Georgia,6,0,11,6,6,8,7,42241,75.07,217.92,100%,35,4,0,6,3,2,3,2,"georgia,clarke",13059
30607,10895,Clarke,Georgia,7,1,13,6,6,8,7,2008,28.32,28.64,100%,35,3,0,5,3,2,3,2,"georgia,clarke",13059
30609,1956,Clarke,Georgia,2,0,7,1,1,3,1,379,201.93,224.89,100%,69.99,2,0,4,1,1,1,1,"georgia,clarke",13059
30683,6749,Clarke,Georgia,6,0,11,6,6,8,6,18,8.08,36.42,97%,35,3,0,5,2,1,2,1,"georgia,clarke",13059
39867,321,Clay,Georgia,2,0,6,2,2,4,2,NA,NA,NA,40%,74.99,0,0,2,0,0,0,0,"georgia,clay",13061
39824,544,Clay,Georgia,1,0,5,1,1,3,1,154,3.48,2.64,35%,NULL,1,0,3,0,0,0,0,"georgia,clay",13061
39851,2388,Clay,Georgia,4,0,9,4,4,6,4,27,8.36,11.34,82%,69.99,2,0,4,1,1,1,1,"georgia,clay",13061
30236,46434,Clayton,Georgia,7,0,12,6,6,8,7,6696,85.22,233.22,100%,35,4,0,6,3,2,3,2,"georgia,clayton",13063
30238,34713,Clayton,Georgia,5,0,10,5,5,7,6,6937,59.3,171.11,100%,35,2,0,4,2,1,2,1,"georgia,clayton",13063
30260,23244,Clayton,Georgia,7,0,12,6,6,8,7,5081,83.43,234.76,98%,35,5,0,7,3,2,3,2,"georgia,clayton",13063
30273,14709,Clayton,Georgia,6,0,11,6,6,8,7,7911,88.46,220.85,100%,35,3,0,5,3,2,3,2,"georgia,clayton",13063
30274,31893,Clayton,Georgia,5,0,10,5,5,7,6,5094,86.43,231.81,99%,35,3,0,5,2,1,2,1,"georgia,clayton",13063
30281,66140,Clayton,Georgia,7,0,12,6,6,8,7,23926,109.27,323.8,100%,35,4,0,6,3,2,3,2,"georgia,clayton",13063
30288,8929,Clayton,Georgia,6,0,11,6,6,8,7,1371,90.95,231.78,100%,35,3,0,5,3,2,3,2,"georgia,clayton",13063
30296,25840,Clayton,Georgia,5,0,10,5,5,7,6,2820,59.44,191.87,100%,35,2,0,4,2,1,2,1,"georgia,clayton",13063
30297,27188,Clayton,Georgia,6,0,11,6,6,8,7,2862,78.31,236.69,99%,35,5,0,7,3,2,3,2,"georgia,clayton",13063
31630,419,Clinch,Georgia,1,0,6,1,1,3,2,1,20.27,20.27,25%,NULL,2,0,4,0,0,0,0,"georgia,clinch",13065
31631,559,Clinch,Georgia,1,0,6,1,1,3,2,36,12.52,32.48,46%,NULL,1,0,3,0,0,0,0,"georgia,clinch",13065
31634,5844,Clinch,Georgia,3,0,8,3,3,5,4,117,31.7,82.99,67%,79.99,2,0,4,1,1,1,1,"georgia,clinch",13065
30063,NULL,Cobb,Georgia,NA,NA,NA,NA,NA,NA,NA,NA,NA,NA,NA,NA,NA,NA,NA,NA,NA,NA,NA,"georgia,cobb",13067
30069,NULL,Cobb,Georgia,NA,NA,NA,NA,NA,NA,NA,NA,NA,NA,NA,NA,NA,NA,NA,NA,NA,NA,NA,"georgia,cobb",13067
30090,NULL,Cobb,Georgia,NA,NA,NA,NA,NA,NA,NA,NA,NA,NA,NA,NA,NA,NA,NA,NA,NA,NA,NA,"georgia,cobb",13067
31144,NULL,Cobb,Georgia,NA,NA,NA,NA,NA,NA,NA,NA,NA,NA,NA,NA,NA,NA,NA,NA,NA,NA,NA,"georgia,cobb",13067
30008,29822,Cobb,Georgia,7,0,12,7,7,9,8,13779,107.51,234.99,92%,35,3,0,5,3,2,3,2,"georgia,cobb",13067
30060,34562,Cobb,Georgia,7,0,12,7,7,9,8,20023,155.29,393.93,96%,35,6,0,8,5,4,5,4,"georgia,cobb",13067
30062,62136,Cobb,Georgia,7,0,12,7,7,9,8,47820,95.68,229.65,100%,35,5,0,7,5,3,5,3,"georgia,cobb",13067
30064,46076,Cobb,Georgia,7,0,12,7,7,9,8,49272,113.07,274.62,99%,35,3,0,5,3,2,3,2,"georgia,cobb",13067
30066,52936,Cobb,Georgia,6,0,11,6,6,8,7,70351,124.87,239.23,98%,35,5,0,7,4,3,4,3,"georgia,cobb",13067
30067,45182,Cobb,Georgia,8,0,13,8,8,10,9,124969,90.86,257.33,98%,35,5,0,7,4,3,4,3,"georgia,cobb",13067
30068,31595,Cobb,Georgia,5,0,10,5,5,7,6,20557,117.72,234.99,100%,35,3,0,5,3,1,3,1,"georgia,cobb",13067
30080,49905,Cobb,Georgia,7,0,12,7,7,9,8,65689,115.28,257.67,100%,35,7,0,9,5,3,5,3,"georgia,cobb",13067
30082,25905,Cobb,Georgia,7,0,12,7,7,9,8,18610,67.9,194.37,100%,35,4,0,6,3,2,3,2,"georgia,cobb",13067
30101,54373,Cobb,Georgia,6,1,12,5,5,7,6,43337,95.39,315.61,100%,35,3,0,5,3,2,3,2,"georgia,cobb",13067
30106,20300,Cobb,Georgia,6,0,11,6,6,8,7,1456,99.51,300.08,100%,35,3,0,5,3,2,3,2,"georgia,cobb",13067
30126,37088,Cobb,Georgia,8,0,13,7,6,9,7,26736,115.76,315.35,100%,35,5,0,7,3,2,3,2,"georgia,cobb",13067
30127,60347,Cobb,Georgia,7,0,12,7,6,9,7,27719,129.8,358.57,100%,35,2,0,4,2,1,2,1,"georgia,cobb",13067
30144,52252,Cobb,Georgia,8,0,13,7,7,9,8,32483,140.15,352.03,98%,35,5,0,7,5,3,5,3,"georgia,cobb",13067
30152,40393,Cobb,Georgia,7,0,12,6,6,8,7,26586,120.36,339.25,100%,35,2,0,4,2,1,2,1,"georgia,cobb",13067
30168,24241,Cobb,Georgia,6,0,11,6,5,8,6,4915,133.84,401.04,95%,35,3,0,5,3,2,3,2,"georgia,cobb",13067
30339,18304,Cobb,Georgia,8,1,14,7,7,9,8,51340,109.14,296.69,99%,35,8,1,11,6,4,6,4,"georgia,cobb",13067
31519,3569,Coffee,Georgia,3,1,9,3,3,5,3,NA,NA,NA,83%,25,7,0,9,1,1,1,1,"georgia,coffee",13069
31567,782,Coffee,Georgia,4,0,9,3,3,5,3,NA,NA,NA,79%,25,6,0,8,1,1,1,1,"georgia,coffee",13069
31512,2248,Coffee,Georgia,3,0,8,3,3,5,4,8,75.75,99.24,71%,25,2,0,4,1,1,1,1,"georgia,coffee",13069
31533,17494,Coffee,Georgia,6,0,11,6,6,8,6,11083,45.94,101.89,95%,25,3,0,5,1,1,1,1,"georgia,coffee",13069
31535,11264,Coffee,Georgia,4,0,9,3,3,5,3,5117,23.58,50.74,94%,25,3,0,5,1,1,1,1,"georgia,coffee",13069
31554,7076,Coffee,Georgia,9,0,14,6,6,8,6,195,21.43,48.87,81%,25,4,0,6,2,1,2,1,"georgia,coffee",13069
31756,966,Colquitt,Georgia,3,0,7,2,2,4,3,NA,NA,NA,74%,29.99,5,0,7,1,1,1,1,"georgia,colquitt",13071
31637,2848,Colquitt,Georgia,5,1,11,4,4,6,5,113,4.53,9.61,84%,34.95,4,0,6,1,1,1,1,"georgia,colquitt",13071
31744,3202,Colquitt,Georgia,4,1,10,4,3,6,4,661,15.83,36.54,43%,69.99,4,0,6,3,1,3,1,"georgia,colquitt",13071
31768,23617,Colquitt,Georgia,6,0,11,5,4,7,5,12073,24.14,51.3,98%,69.99,4,0,6,3,1,3,1,"georgia,colquitt",13071
31771,5666,Colquitt,Georgia,5,0,10,4,3,6,4,2453,30.39,60.07,89%,69.99,4,0,6,2,1,2,1,"georgia,colquitt",13071
31788,10602,Colquitt,Georgia,4,0,9,4,3,6,4,5037,19.73,51.12,91%,69.99,3,0,5,2,1,2,1,"georgia,colquitt",13071
30802,6321,Columbia,Georgia,4,1,10,2,2,4,3,443,39.85,133.92,97%,40,3,0,5,2,2,2,2,"georgia,columbia",13073
30809,38168,Columbia,Georgia,7,0,12,7,6,9,7,36781,134.22,484.63,99%,35,4,0,6,4,1,4,1,"georgia,columbia",13073
30813,30415,Columbia,Georgia,7,0,12,7,6,9,7,36066,140.16,432.87,94%,35,4,0,6,4,1,4,1,"georgia,columbia",13073
30814,8150,Columbia,Georgia,6,1,12,4,4,6,5,186,31.37,105.03,28%,35,2,0,4,1,1,1,1,"georgia,columbia",13073
30907,50913,Columbia,Georgia,8,0,13,7,6,9,7,13948,80.29,220.43,100%,35,4,0,6,4,1,4,1,"georgia,columbia",13073
31620,10690,Cook,Georgia,6,1,12,6,4,8,5,1098,23.84,63.91,90%,55,3,0,5,1,1,1,1,"georgia,cook",13075
31647,3535,Cook,Georgia,6,1,12,2,1,4,2,84,65.35,94.74,78%,69.99,4,0,6,1,1,1,1,"georgia,cook",13075
30220,5533,Coweta,Georgia,4,1,10,4,2,6,2,38,100.46,207.58,80%,55,2,0,4,1,1,1,1,"georgia,coweta",13077
30259,3041,Coweta,Georgia,5,1,11,5,5,7,6,123,78.21,224.25,98%,35,2,0,4,2,1,2,1,"georgia,coweta",13077
30263,53008,Coweta,Georgia,7,1,13,7,7,9,8,32509,70.17,186.43,100%,35,5,0,7,5,4,5,4,"georgia,coweta",13077
30265,31713,Coweta,Georgia,7,0,12,7,7,9,8,15261,98.61,236.89,100%,35,5,0,7,5,3,5,3,"georgia,coweta",13077
30276,13866,Coweta,Georgia,6,2,13,6,6,8,7,3715,103.43,207.96,94%,35,3,0,5,3,2,3,2,"georgia,coweta",13077
30277,20270,Coweta,Georgia,7,0,12,7,7,9,8,4797,63.01,178.06,100%,35,5,0,7,5,4,5,4,"georgia,coweta",13077
31050,965,Crawford,Georgia,2,1,8,2,0,4,0,86,17.84,46.11,100%,NULL,1,1,4,1,0,2,0,"georgia,crawford",13079
31066,1147,Crawford,Georgia,2,1,8,2,0,4,0,7,6.83,12.77,90%,NULL,4,1,7,3,0,4,0,"georgia,crawford",13079
31078,3566,Crawford,Georgia,4,2,11,3,1,5,1,3139,26.88,79.31,98%,79.99,2,1,5,1,0,2,0,"georgia,crawford",13079
31712,1263,Crisp,Georgia,2,1,8,0,0,2,0,NA,NA,NA,0%,NULL,2,0,4,0,0,0,0,"georgia,crisp",13081
31015,21938,Crisp,Georgia,9,1,15,6,4,8,4,9420,20.98,56.86,88%,34.95,7,0,9,1,1,1,1,"georgia,crisp",13081
30738,3799,Dade,Georgia,6,2,14,4,4,7,5,474,29.68,77.87,76%,57.99,6,0,8,3,3,3,3,"georgia,dade",13083
30752,9800,Dade,Georgia,6,1,12,5,3,7,4,1651,43.28,111.71,95%,55,5,0,7,3,3,3,3,"georgia,dade",13083
30757,1787,Dade,Georgia,6,2,14,5,5,7,6,514,45.76,89.14,95%,55,5,0,7,4,3,4,3,"georgia,dade",13083
30534,26685,Dawson,Georgia,9,2,16,9,8,12,9,18815,66.33,169.24,92%,35,8,0,10,7,4,7,4,"georgia,dawson",13085
39815,1686,Decatur,Georgia,3,2,10,1,1,3,2,2,4.32,6.93,30%,66.95,2,0,4,1,0,1,0,"georgia,decatur",13087
39817,10894,Decatur,Georgia,4,2,11,3,1,6,2,3808,98.04,260.01,92%,55,3,0,5,1,1,1,1,"georgia,decatur",13087
39819,11282,Decatur,Georgia,5,2,12,4,2,7,3,9836,276.56,516.07,87%,55,4,0,6,1,1,1,1,"georgia,decatur",13087
39825,1461,Decatur,Georgia,4,2,11,1,1,3,2,91,5.56,11.88,5%,NULL,2,0,4,0,0,0,0,"georgia,decatur",13087
39834,2138,Decatur,Georgia,4,2,11,2,2,5,3,26,5.19,12.97,42%,66.95,4,0,6,2,1,2,1,"georgia,decatur",13087
30073,NULL,DeKalb,Georgia,NA,NA,NA,NA,NA,NA,NA,NA,NA,NA,NA,NA,NA,NA,NA,NA,NA,NA,NA,"georgia,dekalb",NA
30002,5861,DeKalb,Georgia,6,0,11,6,6,8,7,2380,18.71,49.31,98%,35,2,0,4,2,1,2,1,"georgia,dekalb",NA
30021,21989,DeKalb,Georgia,6,0,11,6,6,8,7,14150,34.04,89.1,100%,35,2,0,4,2,1,2,1,"georgia,dekalb",NA
30030,26473,DeKalb,Georgia,6,0,11,6,6,8,7,57032,113.82,280.6,100%,35,4,0,6,4,2,4,2,"georgia,dekalb",NA
30032,47222,DeKalb,Georgia,6,0,11,6,6,8,7,37324,33.32,76.26,100%,35,4,0,6,3,2,3,2,"georgia,dekalb",NA
30033,30763,DeKalb,Georgia,6,0,11,6,6,8,7,50452,58.92,174.38,99%,35,5,0,7,3,2,3,2,"georgia,dekalb",NA
30034,43113,DeKalb,Georgia,5,0,10,5,5,7,6,11127,112.11,352.41,100%,35,2,0,4,2,1,2,1,"georgia,dekalb",NA
30035,20396,DeKalb,Georgia,6,0,11,6,6,8,7,2207,50.02,140.22,100%,35,3,0,5,3,2,3,2,"georgia,dekalb",NA
30038,37233,DeKalb,Georgia,5,0,10,5,5,7,6,7868,99.42,313.15,100%,35,4,0,6,3,2,3,2,"georgia,dekalb",NA
30058,52945,DeKalb,Georgia,7,0,12,6,6,8,7,14399,113.73,367.21,100%,35,2,0,4,2,1,2,1,"georgia,dekalb",NA
30079,2960,DeKalb,Georgia,5,0,10,5,5,7,6,393,108.43,334.72,100%,35,2,0,4,2,1,2,1,"georgia,dekalb",NA
30083,50384,DeKalb,Georgia,7,0,12,7,6,9,7,20544,65.4,196.2,99%,35,3,0,5,2,1,2,1,"georgia,dekalb",NA
30084,35921,DeKalb,Georgia,7,0,12,6,6,8,7,18316,139.03,494.86,100%,35,3,0,5,2,1,2,1,"georgia,dekalb",NA
30087,36761,DeKalb,Georgia,6,1,12,6,6,8,7,9444,63.1,153.37,100%,35,2,0,4,2,1,2,1,"georgia,dekalb",NA
30088,25257,DeKalb,Georgia,5,0,10,5,5,7,6,2161,75.27,195.95,100%,35,3,0,5,3,2,3,2,"georgia,dekalb",NA
30294,39865,DeKalb,Georgia,6,0,11,6,6,8,7,13715,49.08,146.44,100%,35,4,0,6,3,2,3,2,"georgia,dekalb",NA
30307,18004,DeKalb,Georgia,7,1,13,7,7,10,9,51580,90.98,294.41,100%,35,6,0,8,4,3,4,3,"georgia,dekalb",NA
30316,31110,DeKalb,Georgia,6,1,12,6,6,9,8,17578,87.25,227.38,100%,35,4,0,6,3,2,3,2,"georgia,dekalb",NA
30317,11970,DeKalb,Georgia,5,1,11,5,5,8,7,8713,44.36,114.98,100%,35,5,0,7,3,2,3,2,"georgia,dekalb",NA
30319,38423,DeKalb,Georgia,6,1,12,6,6,9,8,56424,112.95,251.97,100%,35,5,0,7,4,3,4,3,"georgia,dekalb",NA
30322,2023,DeKalb,Georgia,2,0,7,2,2,4,3,2574,116.75,267.51,84%,55,2,0,4,2,1,2,1,"georgia,dekalb",NA
30329,28539,DeKalb,Georgia,6,0,11,6,6,8,7,20391,146.14,477.37,100%,35,4,0,6,3,2,3,2,"georgia,dekalb",NA
30338,33617,DeKalb,Georgia,7,0,12,6,6,8,7,55924,148.81,349.47,100%,35,4,0,6,4,3,4,3,"georgia,dekalb",NA
30340,29394,DeKalb,Georgia,5,0,10,5,5,7,6,11160,88.7,222.68,98%,35,4,0,6,3,2,3,2,"georgia,dekalb",NA
30341,31793,DeKalb,Georgia,7,0,12,7,7,9,8,29750,157.39,447.09,99%,35,3,0,5,2,1,2,1,"georgia,dekalb",NA
30345,23129,DeKalb,Georgia,6,0,11,6,6,8,7,18761,141.08,376.6,100%,35,4,0,6,3,2,3,2,"georgia,dekalb",NA
30346,4696,DeKalb,Georgia,6,0,11,6,6,8,7,9037,40.05,110.72,86%,35,4,0,6,3,2,3,2,"georgia,dekalb",NA
30360,14536,DeKalb,Georgia,6,0,11,6,6,8,7,4219,118.79,198.01,98%,35,3,0,5,3,2,3,2,"georgia,dekalb",NA
31011,923,Dodge,Georgia,5,1,10,3,3,5,3,NA,NA,NA,54%,29.99,8,0,10,0,0,0,0,"georgia,dodge",13091
31012,2683,Dodge,Georgia,3,0,8,0,0,2,0,441,13.66,37.92,0%,NULL,4,0,6,0,0,0,0,"georgia,dodge",13091
31023,15383,Dodge,Georgia,11,1,16,5,5,7,5,1297,18.11,52.14,82%,69.99,5,0,7,1,1,1,1,"georgia,dodge",13091
31037,4313,Dodge,Georgia,7,1,12,5,3,7,3,1354,24.86,61.75,79%,69.99,3,0,5,1,1,1,1,"georgia,dodge",13091
31077,1275,Dodge,Georgia,1,0,5,1,1,3,1,115,15.53,26.09,38%,NULL,2,0,4,0,0,0,0,"georgia,dodge",13091
31007,1117,Dooly,Georgia,2,0,7,1,1,3,1,NA,NA,NA,53%,NA,8,0,10,1,0,1,0,"georgia,dooly",13093
31070,998,Dooly,Georgia,5,0,10,3,2,5,2,9,17.5,28.74,30%,34.95,6,0,8,2,1,2,1,"georgia,dooly",13093
31091,5189,Dooly,Georgia,5,0,10,3,3,5,3,202,2.71,7.39,38%,NULL,6,0,8,2,0,2,0,"georgia,dooly",13093
31092,7420,Dooly,Georgia,9,1,15,3,3,5,3,2750,5.23,8.5,71%,69.99,7,0,9,1,1,1,1,"georgia,dooly",13093
31704,NULL,Dougherty,Georgia,NA,NA,NA,NA,NA,NA,NA,NA,NA,NA,NA,NA,NA,NA,NA,NA,NA,NA,NA,"georgia,dougherty",13095
31701,20552,Dougherty,Georgia,5,1,11,5,3,7,4,807,31.08,79.72,100%,35,2,0,4,1,1,1,1,"georgia,dougherty",13095
31705,35565,Dougherty,Georgia,4,1,10,4,2,6,3,5394,133.96,280.41,97%,35,2,0,4,1,1,1,1,"georgia,dougherty",13095
31707,25299,Dougherty,Georgia,5,1,11,5,3,7,4,4380,67.6,137.86,99%,35,2,0,4,1,1,1,1,"georgia,dougherty",13095
31721,20095,Dougherty,Georgia,5,1,11,4,2,6,3,2425,59.08,159.52,98%,35,3,0,5,1,1,1,1,"georgia,dougherty",13095
30122,21561,Douglas,Georgia,7,0,12,7,7,9,8,6557,65.58,224.74,100%,35,4,0,6,3,2,3,2,"georgia,douglas",13097
30134,43356,Douglas,Georgia,7,0,12,6,5,8,6,10777,114.43,235.42,98%,35,3,0,5,2,1,2,1,"georgia,douglas",13097
30135,61912,Douglas,Georgia,7,0,12,7,7,9,8,38039,137.49,408.18,99%,35,4,0,6,4,3,4,3,"georgia,douglas",13097
30187,8740,Douglas,Georgia,6,0,11,5,5,7,6,222,34.82,151.81,100%,35,3,0,5,2,1,2,1,"georgia,douglas",13097
39861,1003,Early,Georgia,2,0,6,2,2,4,2,NA,NA,NA,68%,NA,4,0,6,0,0,0,0,"georgia,early",13099
39823,8550,Early,Georgia,3,1,8,3,3,5,3,994,23.17,46.6,52%,79.99,1,0,3,0,0,0,0,"georgia,early",13099
31648,1040,Echols,Georgia,2,1,8,0,0,2,0,1,36.37,36.37,0%,NULL,1,0,3,0,0,0,0,"georgia,echols",13101
31302,7853,Effingham,Georgia,8,0,14,6,5,8,5,17,5.03,18.16,98%,35,3,0,5,1,1,1,1,"georgia,effingham",13103
31303,1999,Effingham,Georgia,3,0,9,3,3,5,3,64,24.46,62.62,83%,NULL,2,0,4,1,1,1,1,"georgia,effingham",13103
31312,16443,Effingham,Georgia,6,0,12,5,4,7,4,6777,56.5,146.89,100%,79.99,5,0,7,2,2,2,2,"georgia,effingham",13103
31326,19269,Effingham,Georgia,6,0,12,5,5,7,5,62885,45.87,98.13,99%,50,4,0,6,2,2,2,2,"georgia,effingham",13103
31329,9034,Effingham,Georgia,5,0,11,5,4,7,4,59,60.41,97.12,93%,79.99,4,0,6,2,2,2,2,"georgia,effingham",13103
30634,2281,Elbert,Georgia,7,2,14,3,2,6,2,NA,NA,NA,71%,46,11,0,13,2,1,2,1,"georgia,elbert",13105
30624,2611,Elbert,Georgia,6,2,13,2,2,5,2,3,20.58,57.9,76%,59.95,5,0,7,4,2,4,2,"georgia,elbert",13105
30635,16109,Elbert,Georgia,7,1,13,3,2,5,2,2651,30.18,82.16,86%,59.95,6,0,8,4,2,4,2,"georgia,elbert",13105
30425,1198,Emanuel,Georgia,4,1,9,3,3,5,4,NA,NA,NA,100%,59.95,6,0,8,1,1,1,1,"georgia,emanuel",13107
30401,13500,Emanuel,Georgia,8,1,15,4,4,6,4,2285,35.46,90.85,95%,79.99,5,0,7,1,1,1,1,"georgia,emanuel",13107
30441,1663,Emanuel,Georgia,6,1,11,3,2,5,3,108,19.41,47.87,79%,NULL,3,0,5,1,1,1,1,"georgia,emanuel",13107
30471,4702,Emanuel,Georgia,6,1,13,4,4,6,4,182,12.13,32.77,98%,59.95,4,0,6,1,1,1,1,"georgia,emanuel",13107
30417,11090,Evans,Georgia,8,1,15,6,6,8,6,656,72.45,221.27,82%,59.95,6,0,8,2,2,2,2,"georgia,evans",13109
30513,11172,Fannin,Georgia,9,1,15,6,5,8,5,24111,18,44.55,95%,42.95,6,0,8,5,3,5,3,"georgia,fannin",13111
30541,1603,Fannin,Georgia,5,0,10,4,4,6,4,42,19.45,39.2,90%,66.95,4,0,6,3,2,3,2,"georgia,fannin",13111
30555,2061,Fannin,Georgia,6,0,11,2,1,4,1,7,7.89,46.95,88%,69.99,4,0,6,3,2,3,2,"georgia,fannin",13111
30559,4333,Fannin,Georgia,7,0,12,5,5,7,5,843,16.43,42.62,91%,66.95,5,0,7,4,3,4,3,"georgia,fannin",13111
30560,4599,Fannin,Georgia,6,0,11,6,4,8,4,1827,15.34,25.31,87%,42.95,6,0,8,5,3,5,3,"georgia,fannin",13111
30270,NULL,Fayette,Georgia,NA,NA,NA,NA,NA,NA,NA,NA,NA,NA,NA,NA,NA,NA,NA,NA,NA,NA,NA,"georgia,fayette",13113
31169,NULL,Fayette,Georgia,NA,NA,NA,NA,NA,NA,NA,NA,NA,NA,NA,NA,NA,NA,NA,NA,NA,NA,NA,"georgia,fayette",13113
30205,3061,Fayette,Georgia,5,1,11,5,5,7,6,13,20.32,72.65,72%,35,2,0,4,2,1,2,1,"georgia,fayette",13113
30214,28913,Fayette,Georgia,6,0,11,5,5,7,6,9586,79.91,228.09,99%,35,4,0,6,3,1,3,1,"georgia,fayette",13113
30215,33665,Fayette,Georgia,5,0,10,5,5,7,6,25438,169.77,353.39,100%,35,3,0,5,3,1,3,1,"georgia,fayette",13113
30269,35069,Fayette,Georgia,8,1,14,7,7,9,8,39476,115.69,278.61,100%,35,4,0,6,4,3,4,3,"georgia,fayette",13113
30290,8286,Fayette,Georgia,7,0,12,7,7,9,8,415,41.51,95.02,100%,35,5,0,7,4,3,4,3,"georgia,fayette",13113
30105,2294,Floyd,Georgia,5,1,11,5,5,7,5,117,33.25,84.02,94%,55,3,0,5,2,1,2,1,"georgia,floyd",13115
30124,2978,Floyd,Georgia,4,2,11,2,2,5,2,113,41.92,118.31,87%,69.99,2,0,4,1,1,1,1,"georgia,floyd",13115
30147,4365,Floyd,Georgia,6,2,13,6,6,8,6,77,27.69,81.01,98%,35,4,0,6,3,2,3,2,"georgia,floyd",13115
30161,35058,Floyd,Georgia,8,3,16,7,7,10,8,4974,88.81,231.35,98%,35,5,0,7,3,2,3,2,"georgia,floyd",13115
30165,39975,Floyd,Georgia,8,4,17,6,6,9,6,9551,89.49,235.36,99%,35,6,0,8,3,2,3,2,"georgia,floyd",13115
30173,6221,Floyd,Georgia,6,1,12,5,5,7,6,6,142.62,344.14,97%,35,3,0,5,3,2,3,2,"georgia,floyd",13115
30028,22182,Forsyth,Georgia,6,0,11,6,5,8,6,7891,123.41,334.34,100%,35,4,0,6,4,2,4,2,"georgia,forsyth",13117
30040,54653,Forsyth,Georgia,6,1,12,6,5,8,6,98137,118.42,320.79,100%,35,4,0,6,4,3,4,3,"georgia,forsyth",13117
30041,52749,Forsyth,Georgia,8,0,13,8,8,10,9,60725,106.72,276.95,100%,35,4,0,6,4,3,4,3,"georgia,forsyth",13117
30097,41715,Forsyth,Georgia,9,0,14,8,8,10,9,56301,110.23,323.03,100%,35,5,0,7,4,3,4,3,"georgia,forsyth",13117
30107,12908,Forsyth,Georgia,12,1,18,12,11,14,12,7492,22.15,56.68,94%,35,8,0,10,6,4,6,4,"georgia,forsyth",13117
30520,4426,Franklin,Georgia,8,1,14,5,4,8,4,58,5.64,13.64,97%,79.95,8,0,10,5,2,5,2,"georgia,franklin",13119
30521,4944,Franklin,Georgia,5,2,12,3,3,6,3,1417,16.13,38.42,64%,79.99,6,0,8,2,1,2,1,"georgia,franklin",13119
30530,6752,Franklin,Georgia,5,0,10,5,5,7,5,621,25.83,45.12,75%,69.99,1,0,3,0,0,0,0,"georgia,franklin",13119
30553,7232,Franklin,Georgia,6,1,12,5,4,8,4,1307,37.18,96.91,95%,79.95,6,0,8,4,1,4,1,"georgia,franklin",13119
30304,NULL,Fulton,Georgia,NA,NA,NA,NA,NA,NA,NA,NA,NA,NA,NA,NA,NA,NA,NA,NA,NA,NA,NA,"georgia,fulton",13121
30330,NULL,Fulton,Georgia,NA,NA,NA,NA,NA,NA,NA,NA,NA,NA,NA,NA,NA,NA,NA,NA,NA,NA,NA,"georgia,fulton",13121
30347,NULL,Fulton,Georgia,NA,NA,NA,NA,NA,NA,NA,NA,NA,NA,NA,NA,NA,NA,NA,NA,NA,NA,NA,"georgia,fulton",13121
30361,NULL,Fulton,Georgia,NA,NA,NA,NA,NA,NA,NA,NA,NA,NA,NA,NA,NA,NA,NA,NA,NA,NA,NA,"georgia,fulton",13121
30368,NULL,Fulton,Georgia,NA,NA,NA,NA,NA,NA,NA,NA,NA,NA,NA,NA,NA,NA,NA,NA,NA,NA,NA,"georgia,fulton",13121
30369,NULL,Fulton,Georgia,NA,NA,NA,NA,NA,NA,NA,NA,NA,NA,NA,NA,NA,NA,NA,NA,NA,NA,NA,"georgia,fulton",13121
30375,NULL,Fulton,Georgia,NA,NA,NA,NA,NA,NA,NA,NA,NA,NA,NA,NA,NA,NA,NA,NA,NA,NA,NA,"georgia,fulton",13121
30376,NULL,Fulton,Georgia,NA,NA,NA,NA,NA,NA,NA,NA,NA,NA,NA,NA,NA,NA,NA,NA,NA,NA,NA,"georgia,fulton",13121
30379,NULL,Fulton,Georgia,NA,NA,NA,NA,NA,NA,NA,NA,NA,NA,NA,NA,NA,NA,NA,NA,NA,NA,NA,"georgia,fulton",13121
30380,NULL,Fulton,Georgia,NA,NA,NA,NA,NA,NA,NA,NA,NA,NA,NA,NA,NA,NA,NA,NA,NA,NA,NA,"georgia,fulton",13121
30384,NULL,Fulton,Georgia,NA,NA,NA,NA,NA,NA,NA,NA,NA,NA,NA,NA,NA,NA,NA,NA,NA,NA,NA,"georgia,fulton",13121
30385,NULL,Fulton,Georgia,NA,NA,NA,NA,NA,NA,NA,NA,NA,NA,NA,NA,NA,NA,NA,NA,NA,NA,NA,"georgia,fulton",13121
30386,NULL,Fulton,Georgia,NA,NA,NA,NA,NA,NA,NA,NA,NA,NA,NA,NA,NA,NA,NA,NA,NA,NA,NA,"georgia,fulton",13121
30387,NULL,Fulton,Georgia,NA,NA,NA,NA,NA,NA,NA,NA,NA,NA,NA,NA,NA,NA,NA,NA,NA,NA,NA,"georgia,fulton",13121
30388,NULL,Fulton,Georgia,NA,NA,NA,NA,NA,NA,NA,NA,NA,NA,NA,NA,NA,NA,NA,NA,NA,NA,NA,"georgia,fulton",13121
30389,NULL,Fulton,Georgia,NA,NA,NA,NA,NA,NA,NA,NA,NA,NA,NA,NA,NA,NA,NA,NA,NA,NA,NA,"georgia,fulton",13121
30390,NULL,Fulton,Georgia,NA,NA,NA,NA,NA,NA,NA,NA,NA,NA,NA,NA,NA,NA,NA,NA,NA,NA,NA,"georgia,fulton",13121
30396,NULL,Fulton,Georgia,NA,NA,NA,NA,NA,NA,NA,NA,NA,NA,NA,NA,NA,NA,NA,NA,NA,NA,NA,"georgia,fulton",13121
30398,NULL,Fulton,Georgia,NA,NA,NA,NA,NA,NA,NA,NA,NA,NA,NA,NA,NA,NA,NA,NA,NA,NA,NA,"georgia,fulton",13121
30399,NULL,Fulton,Georgia,NA,NA,NA,NA,NA,NA,NA,NA,NA,NA,NA,NA,NA,NA,NA,NA,NA,NA,NA,"georgia,fulton",13121
31120,NULL,Fulton,Georgia,NA,NA,NA,NA,NA,NA,NA,NA,NA,NA,NA,NA,NA,NA,NA,NA,NA,NA,NA,"georgia,fulton",13121
31136,NULL,Fulton,Georgia,NA,NA,NA,NA,NA,NA,NA,NA,NA,NA,NA,NA,NA,NA,NA,NA,NA,NA,NA,"georgia,fulton",13121
31191,NULL,Fulton,Georgia,NA,NA,NA,NA,NA,NA,NA,NA,NA,NA,NA,NA,NA,NA,NA,NA,NA,NA,NA,"georgia,fulton",13121
31192,NULL,Fulton,Georgia,NA,NA,NA,NA,NA,NA,NA,NA,NA,NA,NA,NA,NA,NA,NA,NA,NA,NA,NA,"georgia,fulton",13121
31193,NULL,Fulton,Georgia,NA,NA,NA,NA,NA,NA,NA,NA,NA,NA,NA,NA,NA,NA,NA,NA,NA,NA,NA,"georgia,fulton",13121
31195,NULL,Fulton,Georgia,NA,NA,NA,NA,NA,NA,NA,NA,NA,NA,NA,NA,NA,NA,NA,NA,NA,NA,NA,"georgia,fulton",13121
31196,NULL,Fulton,Georgia,NA,NA,NA,NA,NA,NA,NA,NA,NA,NA,NA,NA,NA,NA,NA,NA,NA,NA,NA,"georgia,fulton",13121
31197,NULL,Fulton,Georgia,NA,NA,NA,NA,NA,NA,NA,NA,NA,NA,NA,NA,NA,NA,NA,NA,NA,NA,NA,"georgia,fulton",13121
31198,NULL,Fulton,Georgia,NA,NA,NA,NA,NA,NA,NA,NA,NA,NA,NA,NA,NA,NA,NA,NA,NA,NA,NA,"georgia,fulton",13121
31199,NULL,Fulton,Georgia,NA,NA,NA,NA,NA,NA,NA,NA,NA,NA,NA,NA,NA,NA,NA,NA,NA,NA,NA,"georgia,fulton",13121
39901,NULL,Fulton,Georgia,NA,NA,NA,NA,NA,NA,NA,NA,NA,NA,NA,NA,NA,NA,NA,NA,NA,NA,NA,"georgia,fulton",13121
30004,53033,Fulton,Georgia,9,0,14,9,9,11,10,138355,121.9,325.94,99%,35,7,0,9,5,4,5,4,"georgia,fulton",13121
30005,34442,Fulton,Georgia,7,0,12,7,7,9,8,43997,158.48,462.54,100%,35,4,0,6,3,2,3,2,"georgia,fulton",13121
30009,13722,Fulton,Georgia,8,0,13,8,8,10,9,15436,166.87,315.6,99%,35,7,0,9,5,4,5,4,"georgia,fulton",13121
30022,64359,Fulton,Georgia,9,0,14,9,9,11,10,103688,109.36,285.29,100%,35,6,0,8,4,3,4,3,"georgia,fulton",13121
30075,52573,Fulton,Georgia,7,0,12,7,7,9,8,55413,91.1,271.74,100%,35,6,0,8,5,3,5,3,"georgia,fulton",13121
30076,42678,Fulton,Georgia,9,0,14,9,9,11,10,17973,130.13,345.61,100%,35,6,0,8,5,4,5,4,"georgia,fulton",13121
30213,29384,Fulton,Georgia,5,0,10,5,5,7,6,8510,95.77,240.13,98%,35,2,0,4,2,1,2,1,"georgia,fulton",13121
30268,9090,Fulton,Georgia,8,2,15,7,7,9,8,2953,80.88,245.18,98%,35,5,0,7,5,3,5,3,"georgia,fulton",13121
30291,21010,Fulton,Georgia,5,0,10,5,5,7,6,2284,181.88,506.02,96%,35,2,0,4,2,1,2,1,"georgia,fulton",13121
30303,5934,Fulton,Georgia,8,2,15,7,6,10,8,282698,35.78,96.56,100%,35,6,0,8,3,2,3,2,"georgia,fulton",13121
30305,22999,Fulton,Georgia,9,1,15,8,8,11,10,69444,119.02,316.3,100%,35,6,0,8,4,3,4,3,"georgia,fulton",13121
30306,22246,Fulton,Georgia,8,1,14,7,7,10,9,26457,79.49,194.44,100%,35,4,0,6,3,2,3,2,"georgia,fulton",13121
30308,15413,Fulton,Georgia,8,1,14,7,7,10,9,17511,71.61,160.12,100%,35,7,1,10,5,4,6,5,"georgia,fulton",13121
30309,21845,Fulton,Georgia,8,1,14,7,7,10,9,42013,101.04,278.02,100%,35,6,0,8,4,3,4,3,"georgia,fulton",13121
30310,26912,Fulton,Georgia,6,1,12,5,5,8,7,7055,77.62,237.32,100%,35,3,0,5,2,1,2,1,"georgia,fulton",13121
30311,32218,Fulton,Georgia,5,1,11,5,5,8,7,7753,43.46,115.86,100%,35,3,0,5,2,1,2,1,"georgia,fulton",13121
30312,19360,Fulton,Georgia,7,1,13,7,7,10,9,17603,119.13,338.85,100%,35,5,0,7,3,2,3,2,"georgia,fulton",13121
30313,9495,Fulton,Georgia,6,1,12,6,6,9,8,2240,28.92,67.25,100%,35,3,0,5,3,2,3,2,"georgia,fulton",13121
30314,22020,Fulton,Georgia,6,1,12,6,5,9,7,3348,49.01,123.81,100%,35,3,0,5,2,1,2,1,"georgia,fulton",13121
30315,33857,Fulton,Georgia,5,1,11,5,5,8,7,10428,112.34,339.18,100%,35,4,0,6,3,2,3,2,"georgia,fulton",13121
30318,49736,Fulton,Georgia,6,1,12,6,6,9,8,34687,113.6,316.41,100%,35,7,0,9,5,4,5,4,"georgia,fulton",13121
30324,24267,Fulton,Georgia,7,1,13,6,6,9,8,27993,75.77,142.03,100%,35,5,0,7,4,3,4,3,"georgia,fulton",13121
30326,4802,Fulton,Georgia,7,1,13,7,7,10,9,5687,43.25,70.2,100%,35,6,0,8,2,2,2,2,"georgia,fulton",13121
30327,22208,Fulton,Georgia,7,1,13,6,6,9,8,15891,117.86,273.46,100%,35,6,0,8,5,4,5,4,"georgia,fulton",13121
30328,30348,Fulton,Georgia,8,0,13,8,8,10,9,70116,138.77,325.21,100%,35,5,0,7,5,4,5,4,"georgia,fulton",13121
30331,54094,Fulton,Georgia,7,1,13,6,6,9,8,11463,91.74,235.57,100%,35,3,0,5,2,1,2,1,"georgia,fulton",13121
30332,2970,Fulton,Georgia,2,1,8,2,1,5,3,6495,137.07,539.97,100%,49,2,0,4,2,1,2,1,"georgia,fulton",13121
30334,1,Fulton,Georgia,2,1,8,0,0,3,2,164,25.66,37.36,100%,49,1,0,3,0,0,0,0,"georgia,fulton",13121
30336,971,Fulton,Georgia,5,1,11,5,5,8,7,235,106.34,212.77,100%,35,3,0,5,2,1,2,1,"georgia,fulton",13121
30337,11505,Fulton,Georgia,6,0,11,6,6,8,7,231,47.48,97.02,97%,35,3,0,5,3,2,3,2,"georgia,fulton",13121
30342,29879,Fulton,Georgia,8,1,14,8,7,11,9,32828,166.01,355.25,95%,35,6,0,8,5,4,5,4,"georgia,fulton",13121
30344,31776,Fulton,Georgia,6,1,12,5,5,8,7,10790,76.55,222.21,100%,35,3,0,5,2,1,2,1,"georgia,fulton",13121
30349,67602,Fulton,Georgia,8,0,13,7,7,9,8,15824,109.39,235.6,98%,35,5,0,7,4,2,4,2,"georgia,fulton",13121
30350,34740,Fulton,Georgia,8,0,13,7,7,9,8,39487,124.69,339.54,99%,35,6,0,8,5,4,5,4,"georgia,fulton",13121
30354,14857,Fulton,Georgia,6,1,12,6,6,9,8,933,60.79,184.93,100%,35,2,0,4,2,1,2,1,"georgia,fulton",13121
30363,2680,Fulton,Georgia,6,1,12,6,4,9,6,679,32.42,91.83,100%,35,4,0,6,3,2,3,2,"georgia,fulton",13121
30522,1092,Gilmer,Georgia,6,0,11,5,4,7,4,NA,NA,NA,78%,66.95,7,0,9,5,3,5,3,"georgia,gilmer",13123
30539,NULL,Gilmer,Georgia,NA,NA,NA,NA,NA,NA,NA,NA,NA,NA,NA,NA,NA,NA,NA,NA,NA,NA,NA,"georgia,gilmer",13123
30536,8363,Gilmer,Georgia,6,1,12,5,3,7,3,2543,19.57,50.97,90%,69.99,5,0,7,3,2,3,2,"georgia,gilmer",13123
30540,17297,Gilmer,Georgia,6,1,12,5,4,7,4,13628,29.14,80.87,87%,66.95,3,0,5,3,2,3,2,"georgia,gilmer",13123
30810,2138,Glascock,Georgia,2,1,8,2,2,4,3,37,44.7,90.33,1%,79.99,2,0,4,0,0,0,0,"georgia,glascock",13125
31520,22336,Glynn,Georgia,5,0,10,5,5,7,5,2414,73.13,203.7,99%,35,3,0,5,3,1,3,1,"georgia,glynn",13127
31522,14447,Glynn,Georgia,6,0,11,5,5,7,5,8393,75.8,202,99%,35,5,0,7,4,2,4,2,"georgia,glynn",13127
31523,13229,Glynn,Georgia,7,1,13,6,6,8,6,3537,53.01,170.73,98%,35,3,0,5,3,1,3,1,"georgia,glynn",13127
31524,0,Glynn,Georgia,1,0,6,1,1,3,1,2,16.79,21.84,0%,79.99,0,0,2,0,0,0,0,"georgia,glynn",13127
31525,28247,Glynn,Georgia,6,1,12,6,5,8,5,10655,92.79,233.24,98%,35,2,0,4,2,1,2,1,"georgia,glynn",13127
31527,805,Glynn,Georgia,3,0,8,1,1,3,1,60,11.28,14.25,98%,79.99,2,0,4,1,1,1,1,"georgia,glynn",13127
30701,40053,Gordon,Georgia,6,1,12,5,5,7,5,16243,45.71,155.72,98%,35,4,0,6,3,1,3,1,"georgia,gordon",13129
30733,2080,Gordon,Georgia,3,1,9,3,3,5,3,3,5.21,5.68,100%,55,2,0,4,2,1,2,1,"georgia,gordon",13129
30734,3466,Gordon,Georgia,7,2,14,6,4,8,4,270,4.93,10.74,51%,35,5,0,7,2,1,2,1,"georgia,gordon",13129
30735,6153,Gordon,Georgia,7,2,14,7,7,9,7,4,4.78,4.9,97%,43.95,5,0,7,4,2,4,2,"georgia,gordon",13129
30746,1223,Gordon,Georgia,3,1,9,3,3,5,3,244,2.06,5.2,98%,55,2,0,4,2,1,2,1,"georgia,gordon",13129
39827,3842,Grady,Georgia,5,1,11,3,2,5,3,916,18.26,45.57,93%,69.99,4,0,6,2,1,2,1,"georgia,grady",13131
39828,15150,Grady,Georgia,7,2,14,5,4,7,5,2343,26.43,53.26,96%,69.99,5,0,7,2,1,2,1,"georgia,grady",13131
39897,3430,Grady,Georgia,5,2,12,3,3,5,4,391,16.91,42.42,50%,69.99,3,0,5,1,1,1,1,"georgia,grady",13131
30642,11001,Greene,Georgia,10,1,16,9,8,11,8,6245,95.3,215.82,71%,35,5,0,7,2,2,2,2,"georgia,greene",13133
30669,3313,Greene,Georgia,8,1,14,5,5,7,5,831,159.87,300.63,79%,25,4,0,6,2,2,2,2,"georgia,greene",13133
30678,1294,Greene,Georgia,3,0,8,2,2,4,2,158,106.76,371.4,63%,NULL,3,0,5,1,1,1,1,"georgia,greene",13133
30098,NULL,Gwinnett,Georgia,NA,NA,NA,NA,NA,NA,NA,NA,NA,NA,NA,NA,NA,NA,NA,NA,NA,NA,NA,"georgia,gwinnett",13135
30099,NULL,Gwinnett,Georgia,NA,NA,NA,NA,NA,NA,NA,NA,NA,NA,NA,NA,NA,NA,NA,NA,NA,NA,NA,"georgia,gwinnett",13135
30017,20160,Gwinnett,Georgia,5,0,10,5,5,7,6,6684,99.72,235.59,100%,35,3,0,5,3,2,3,2,"georgia,gwinnett",13135
30019,40447,Gwinnett,Georgia,7,0,12,7,7,9,8,46616,102.36,221.64,100%,35,5,0,7,4,3,4,3,"georgia,gwinnett",13135
30024,64614,Gwinnett,Georgia,8,0,13,8,8,10,9,58487,120.13,310.23,100%,35,4,0,6,4,2,4,2,"georgia,gwinnett",13135
30039,41517,Gwinnett,Georgia,6,1,12,5,5,7,6,24059,223.18,509.12,99%,35,3,0,5,3,1,3,1,"georgia,gwinnett",13135
30043,80241,Gwinnett,Georgia,7,0,12,7,7,9,8,45588,101.57,246.27,100%,35,5,0,7,4,3,4,3,"georgia,gwinnett",13135
30044,79701,Gwinnett,Georgia,8,0,13,7,7,9,8,62243,109.19,283.14,99%,35,4,0,6,3,2,3,2,"georgia,gwinnett",13135
30045,34402,Gwinnett,Georgia,7,0,12,6,6,8,7,11696,121.29,323.1,96%,35,4,0,6,4,3,4,3,"georgia,gwinnett",13135
30046,34523,Gwinnett,Georgia,6,0,11,6,6,8,7,13876,70.19,211.6,100%,35,4,0,6,3,2,3,2,"georgia,gwinnett",13135
30047,59660,Gwinnett,Georgia,5,1,11,5,5,7,6,34183,85.78,233.76,100%,35,2,0,4,2,1,2,1,"georgia,gwinnett",13135
30071,23005,Gwinnett,Georgia,6,0,11,6,6,8,7,12150,58.38,117.08,100%,35,5,0,7,4,2,4,2,"georgia,gwinnett",13135
30078,33057,Gwinnett,Georgia,5,0,10,5,5,7,6,14442,176.6,480.91,100%,35,3,0,5,3,1,3,1,"georgia,gwinnett",13135
30092,31704,Gwinnett,Georgia,7,0,12,6,6,8,7,40099,141.6,354.21,100%,35,5,0,7,5,2,5,2,"georgia,gwinnett",13135
30093,53351,Gwinnett,Georgia,7,0,12,7,7,9,8,26375,86.46,219.95,98%,35,4,0,6,2,1,2,1,"georgia,gwinnett",13135
30096,62265,Gwinnett,Georgia,8,0,13,8,8,10,9,43867,96.82,246.91,100%,35,5,0,7,5,3,5,3,"georgia,gwinnett",13135
30518,45211,Gwinnett,Georgia,7,0,12,7,7,9,8,40977,113.07,320.69,100%,35,3,0,5,3,1,3,1,"georgia,gwinnett",13135
30519,39812,Gwinnett,Georgia,7,0,12,7,7,9,8,34956,159.73,349.49,100%,35,5,0,7,4,2,4,2,"georgia,gwinnett",13135
30596,NULL,Habersham,Georgia,NA,NA,NA,NA,NA,NA,NA,NA,NA,NA,NA,NA,NA,NA,NA,NA,NA,NA,NA,"georgia,habersham",13137
30510,8291,Habersham,Georgia,7,1,13,4,4,6,4,1759,15.99,41.12,88%,59.95,4,0,6,1,1,1,1,"georgia,habersham",13137
30523,12904,Habersham,Georgia,4,2,11,4,4,6,4,16848,26.96,75.51,93%,59.95,2,0,4,2,1,2,1,"georgia,habersham",13137
30531,11279,Habersham,Georgia,4,2,11,4,4,7,4,18851,20.09,43.06,96%,59.95,2,0,4,1,1,1,1,"georgia,habersham",13137
30535,7042,Habersham,Georgia,4,1,10,4,4,6,4,8663,24.42,51.24,96%,59.95,2,0,4,2,1,2,1,"georgia,habersham",13137
30563,5373,Habersham,Georgia,3,2,10,3,3,6,3,3955,19.61,42.32,93%,59.95,4,0,6,1,1,1,1,"georgia,habersham",13137
30501,28048,Hall,Georgia,8,0,13,8,7,10,8,6708,80.68,218.35,100%,35,6,0,8,6,4,6,4,"georgia,hall",13139
30504,22463,Hall,Georgia,6,0,11,6,6,8,7,18116,112.84,226.19,100%,35,4,0,6,4,3,4,3,"georgia,hall",13139
30506,41667,Hall,Georgia,6,0,11,6,6,8,7,14662,56.78,113.49,100%,35,5,0,7,4,3,4,3,"georgia,hall",13139
30507,28399,Hall,Georgia,7,0,12,6,6,8,7,3982,69.03,203.93,99%,35,5,0,7,4,3,4,3,"georgia,hall",13139
30527,4043,Hall,Georgia,7,1,13,7,7,9,7,85,10.49,22.45,97%,35,4,0,6,3,2,3,2,"georgia,hall",13139
30542,31946,Hall,Georgia,7,0,12,6,6,8,7,20705,96.79,254.16,100%,35,3,0,5,3,2,3,2,"georgia,hall",13139
30543,4487,Hall,Georgia,7,0,12,7,7,9,8,205,86.78,138.39,91%,35,5,0,7,3,3,3,3,"georgia,hall",13139
30554,8535,Hall,Georgia,9,0,14,9,9,11,9,1595,93.65,260.05,88%,35,5,0,7,3,3,3,3,"georgia,hall",13139
30564,4463,Hall,Georgia,6,0,11,6,6,8,7,38,19.99,27.36,92%,55,5,0,7,3,3,3,3,"georgia,hall",13139
30566,7906,Hall,Georgia,5,0,10,5,5,7,6,1783,97.58,232.85,100%,35,4,0,6,3,2,3,2,"georgia,hall",13139
31087,9656,Hancock,Georgia,6,1,12,6,4,8,4,1217,16.19,39.48,62%,69.99,5,0,7,3,3,3,3,"georgia,hancock",13141
30110,13349,Haralson,Georgia,5,2,12,5,5,8,7,5480,60.84,93.57,100%,35,2,0,4,2,1,2,1,"georgia,haralson",13143
30113,6218,Haralson,Georgia,3,2,10,3,1,6,3,93,38.24,72.65,100%,55,2,0,4,1,1,1,1,"georgia,haralson",13143
30176,7050,Haralson,Georgia,3,3,11,2,1,6,2,511,7.94,6.14,100%,55,3,0,5,1,1,1,1,"georgia,haralson",13143
30179,16807,Haralson,Georgia,6,2,13,6,6,9,8,1906,54.91,116.24,100%,35,3,0,5,3,2,3,2,"georgia,haralson",13143
31804,5934,Harris,Georgia,8,1,14,8,4,10,4,740,12.99,30.81,98%,35,6,0,8,3,2,3,2,"georgia,harris",13145
31807,2483,Harris,Georgia,8,2,15,6,5,9,5,1026,10.5,19.73,100%,35,4,1,7,2,2,3,2,"georgia,harris",13145
31808,6679,Harris,Georgia,8,1,15,7,6,9,6,933,48.58,120.48,99%,35,7,0,9,4,2,4,2,"georgia,harris",13145
31811,5103,Harris,Georgia,11,1,17,8,6,10,6,990,66.31,221.77,70%,35,5,1,8,2,1,3,1,"georgia,harris",13145
31822,5429,Harris,Georgia,6,1,12,4,3,6,3,371,37.82,129.72,64%,35,4,0,6,1,1,1,1,"georgia,harris",13145
31823,754,Harris,Georgia,3,0,8,1,1,3,1,339,28,70.97,99%,69.99,2,0,4,1,1,1,1,"georgia,harris",13145
31826,2350,Harris,Georgia,3,1,9,2,2,4,2,184,24.44,41.85,62%,69.99,4,0,6,2,1,2,1,"georgia,harris",13145
31831,3095,Harris,Georgia,9,1,15,7,5,9,5,3272,23.47,64.95,93%,69.99,5,1,8,3,2,4,2,"georgia,harris",13145
30516,2054,Hart,Georgia,8,1,14,5,4,8,4,NA,NA,NA,100%,79.95,14,0,16,5,2,5,2,"georgia,hart",13147
30643,16382,Hart,Georgia,5,0,10,3,3,5,3,6749,25.51,59.54,99%,79.95,5,0,7,4,2,4,2,"georgia,hart",13147
30217,9433,Heard,Georgia,3,1,9,3,3,5,4,1308,30.2,88.24,72%,55,3,0,5,1,1,1,1,"georgia,heard",13149
30228,38569,Henry,Georgia,7,0,12,7,7,9,8,9722,70,214.41,100%,35,4,0,6,4,3,4,3,"georgia,henry",13151
30248,23249,Henry,Georgia,6,0,11,6,6,8,7,2891,79.51,211.16,99%,35,5,0,7,4,2,4,2,"georgia,henry",13151
30252,41428,Henry,Georgia,6,0,11,6,6,8,7,16573,94.63,244.44,100%,35,4,0,6,4,2,4,2,"georgia,henry",13151
30253,49380,Henry,Georgia,6,1,12,6,6,8,7,30546,86.55,218.26,100%,35,4,0,6,4,2,4,2,"georgia,henry",13151
31098,2888,Houston,Georgia,5,0,11,3,1,5,1,NA,NA,NA,100%,65.99,12,0,14,2,1,2,1,"georgia,houston",13153
31005,15102,Houston,Georgia,10,0,16,9,8,11,8,11462,96.77,247.65,99%,35,4,0,6,2,1,2,1,"georgia,houston",13153
31025,1226,Houston,Georgia,5,0,11,5,5,7,5,162,7.99,21.07,66%,65.99,3,0,5,2,1,2,1,"georgia,houston",13153
31028,5912,Houston,Georgia,8,0,14,5,5,7,5,420,26.39,47.5,99%,35,4,0,6,2,1,2,1,"georgia,houston",13153
31047,11193,Houston,Georgia,8,0,14,6,6,8,6,10058,34.98,90.07,95%,50,4,0,6,2,1,2,1,"georgia,houston",13153
31069,18948,Houston,Georgia,7,0,13,6,6,8,6,17213,30.55,80.7,90%,65.99,4,0,6,2,1,2,1,"georgia,houston",13153
31088,50163,Houston,Georgia,14,0,20,12,10,14,10,38173,83.99,222.08,98%,35,6,0,8,3,1,3,1,"georgia,houston",13153
31093,28087,Houston,Georgia,10,0,16,9,7,11,7,5410,111.78,286.58,100%,35,3,0,5,1,1,1,1,"georgia,houston",13153
31798,983,Irwin,Georgia,2,0,6,1,1,3,2,NA,NA,NA,29%,NA,5,0,7,0,0,0,0,"georgia,irwin",13155
31774,6714,Irwin,Georgia,3,0,8,3,3,5,4,8244,25.15,32.9,76%,69.99,2,0,4,1,1,1,1,"georgia,irwin",13155
30599,NULL,Jackson,Georgia,NA,NA,NA,NA,NA,NA,NA,NA,NA,NA,NA,NA,NA,NA,NA,NA,NA,NA,NA,"georgia,jackson",13157
30529,10920,Jackson,Georgia,3,0,8,3,3,5,4,3938,36.19,92.26,94%,79.99,2,0,4,1,1,1,1,"georgia,jackson",13157
30548,15870,Jackson,Georgia,8,0,13,8,8,10,9,9977,210.72,778.42,98%,35,6,0,8,3,2,3,2,"georgia,jackson",13157
30549,22500,Jackson,Georgia,6,2,13,6,6,9,8,22300,51.34,92.82,97%,35,3,0,5,1,1,1,1,"georgia,jackson",13157
30558,5456,Jackson,Georgia,6,0,11,2,2,4,3,413,33.95,78.81,77%,79.99,4,0,6,1,1,1,1,"georgia,jackson",13157
30565,4758,Jackson,Georgia,5,0,10,5,5,7,5,1771,19.63,39.1,93%,55,2,0,4,0,0,0,0,"georgia,jackson",13157
30567,2981,Jackson,Georgia,5,0,10,5,3,7,4,1740,26.11,54.45,95%,55,3,0,5,1,1,1,1,"georgia,jackson",13157
30575,1375,Jackson,Georgia,5,0,10,4,2,6,3,2890,20.1,43.4,98%,55,3,0,5,2,1,2,1,"georgia,jackson",13157
31038,761,Jasper,Georgia,3,1,9,0,0,2,0,57,12.3,42.51,0%,NULL,2,0,4,0,0,0,0,"georgia,jasper",13159
31064,9450,Jasper,Georgia,7,1,13,6,6,8,7,8451,20.78,30.44,83%,35,6,0,8,4,2,4,2,"georgia,jasper",13159
31085,1043,Jasper,Georgia,2,1,8,2,2,4,3,3,0.13,0.2,71%,55,1,0,3,1,0,1,0,"georgia,jasper",13159
31532,727,Jeff Davis,Georgia,2,1,7,1,1,3,1,NA,NA,NA,2%,29.99,3,0,5,0,0,0,0,"georgia,jeff davis",13161
31539,14468,Jeff Davis,Georgia,5,1,10,3,2,5,2,433,45.07,91.01,73%,55,3,0,5,1,1,1,1,"georgia,jeff davis",13161
30413,1575,Jefferson,Georgia,5,1,10,2,2,4,3,10,6.48,14.7,71%,79.99,4,0,6,1,1,1,1,"georgia,jefferson",13163
30434,5728,Jefferson,Georgia,7,1,12,3,3,5,4,383,20.39,19.02,4%,50,4,0,6,1,1,1,1,"georgia,jefferson",13163
30477,3070,Jefferson,Georgia,4,1,9,1,1,3,2,68,5.38,13.83,5%,NULL,5,0,7,2,2,2,2,"georgia,jefferson",13163
30803,741,Jefferson,Georgia,2,1,7,1,1,3,2,3322,5.61,14.34,0%,NULL,2,0,4,0,0,0,0,"georgia,jefferson",13163
30818,555,Jefferson,Georgia,0,1,6,0,0,2,1,386,16.43,42.96,0%,NULL,0,0,2,0,0,0,0,"georgia,jefferson",13163
30823,1800,Jefferson,Georgia,3,1,9,1,1,3,2,2,1.42,2.69,4%,79.99,1,0,3,0,0,0,0,"georgia,jefferson",13163
30833,4043,Jefferson,Georgia,3,1,9,0,0,2,1,708,7.1,10.18,0%,NULL,2,0,4,0,0,0,0,"georgia,jefferson",13163
30822,526,Jenkins,Georgia,3,1,8,2,2,4,3,NA,NA,NA,2%,79.99,4,0,6,1,1,1,1,"georgia,jenkins",13165
30442,7698,Jenkins,Georgia,7,1,12,6,3,8,4,610,23.31,68.1,86%,55,5,0,7,3,3,3,3,"georgia,jenkins",13165
31049,1806,Johnson,Georgia,4,2,10,2,2,4,2,2716,42.73,47.97,100%,NULL,3,0,5,1,1,1,1,"georgia,johnson",13167
31096,7395,Johnson,Georgia,5,1,11,1,1,3,1,450,10.16,30.08,3%,NULL,4,0,6,2,2,2,2,"georgia,johnson",13167
31032,13993,Jones,Georgia,6,1,12,4,4,6,4,7107,21.92,56.86,88%,65.99,4,0,6,2,2,2,2,"georgia,jones",13169
31033,2660,Jones,Georgia,2,0,7,2,2,4,2,93,7.02,14.22,93%,NULL,1,0,3,0,0,0,0,"georgia,jones",13169
30204,13493,Lamar,Georgia,6,2,13,4,3,6,4,1588,31.39,100.88,75%,35,5,0,7,3,1,3,1,"georgia,lamar",13171
30257,4138,Lamar,Georgia,6,1,12,6,6,8,7,26,57.91,87.55,93%,35,3,1,6,3,2,3,2,"georgia,lamar",13171
31016,1517,Lamar,Georgia,6,2,13,3,0,5,0,38,15.13,47.11,51%,NULL,5,1,8,3,0,4,0,"georgia,lamar",13171
31649,1056,Lanier,Georgia,5,1,11,3,3,5,4,NA,NA,NA,52%,29.99,6,0,8,1,1,1,1,"georgia,lanier",13173
31635,6560,Lanier,Georgia,7,0,12,5,5,7,6,424,20.38,55.35,90%,50,3,0,5,1,1,1,1,"georgia,lanier",13173
30454,538,Laurens,Georgia,4,1,10,1,1,3,1,1,5.17,5.17,3%,NULL,4,0,6,1,1,1,1,"georgia,laurens",13175
31002,2910,Laurens,Georgia,4,1,10,3,3,5,3,657,25.23,48.75,89%,34.95,5,0,7,2,2,2,2,"georgia,laurens",13175
31009,1477,Laurens,Georgia,2,1,8,0,0,2,0,24,3.09,5.57,0%,NULL,2,0,4,0,0,0,0,"georgia,laurens",13175
31019,2318,Laurens,Georgia,4,0,9,0,0,2,0,1170,11.71,27.35,0%,NULL,2,0,4,0,0,0,0,"georgia,laurens",13175
31021,28549,Laurens,Georgia,8,1,14,3,2,5,2,7506,43.94,112.57,87%,55,4,0,6,1,1,1,1,"georgia,laurens",13175
31022,1424,Laurens,Georgia,4,0,9,1,0,3,0,44,11.67,27.09,1%,NULL,2,0,4,0,0,0,0,"georgia,laurens",13175
31027,10012,Laurens,Georgia,5,1,11,4,2,6,2,681,22.23,51.39,63%,55,4,0,6,1,1,1,1,"georgia,laurens",13175
31065,1118,Laurens,Georgia,4,0,9,2,2,4,2,41,3.11,6.31,26%,NULL,2,0,4,0,0,0,0,"georgia,laurens",13175
31075,2496,Laurens,Georgia,4,0,9,0,0,2,0,127,11.17,27.67,0%,NULL,2,0,4,0,0,0,0,"georgia,laurens",13175
31763,23304,Lee,Georgia,8,2,15,4,4,6,5,8300,64.1,128.4,96%,35,4,1,7,1,1,1,1,"georgia,lee",13177
31787,1488,Lee,Georgia,2,2,9,1,1,3,1,53,11.17,19.1,20%,88,2,1,5,0,0,0,0,"georgia,lee",13177
31309,1210,Liberty,Georgia,3,0,9,3,3,5,3,NA,NA,NA,92%,46,9,0,11,1,1,1,1,"georgia,liberty",13179
31301,4591,Liberty,Georgia,3,0,9,3,3,5,3,6,7.77,29.08,87%,65,3,0,5,2,1,2,1,"georgia,liberty",13179
31313,40302,Liberty,Georgia,7,0,13,6,6,8,6,12287,91.31,239.93,97%,50,5,0,7,4,2,4,2,"georgia,liberty",13179
31314,1931,Liberty,Georgia,3,0,9,3,2,5,2,468,24.07,52.2,98%,50,2,0,4,2,1,2,1,"georgia,liberty",13179
31315,7488,Liberty,Georgia,4,0,10,4,4,6,4,170,36.11,101.21,96%,50,2,0,4,2,1,2,1,"georgia,liberty",13179
31320,8794,Liberty,Georgia,4,0,10,4,4,6,4,105,38.32,66.72,90%,50,3,0,5,3,2,3,2,"georgia,liberty",13179
30817,7676,Lincoln,Georgia,3,0,8,2,2,4,3,1621,39.14,88.1,100%,59.99,1,0,3,1,1,1,1,"georgia,lincoln",13181
31316,9749,Long,Georgia,5,0,11,5,5,7,5,650,20.02,42.54,92%,65,3,0,5,1,1,1,1,"georgia,long",13183
31641,1831,Lowndes,Georgia,5,1,11,3,3,5,4,NA,NA,NA,82%,29.99,8,0,10,1,1,1,1,"georgia,lowndes",13185
31601,32730,Lowndes,Georgia,8,1,14,7,6,9,7,2987,49.87,99.19,94%,35,2,0,4,1,1,1,1,"georgia,lowndes",13185
31602,34702,Lowndes,Georgia,10,0,15,9,6,11,7,10771,73.96,172.74,100%,35,3,0,5,1,1,1,1,"georgia,lowndes",13185
31605,20188,Lowndes,Georgia,8,0,13,7,5,9,6,5458,54.66,130.65,99%,35,4,0,6,1,1,1,1,"georgia,lowndes",13185
31606,3861,Lowndes,Georgia,4,1,10,2,2,4,3,110,13.93,34.96,84%,50,2,0,4,1,1,1,1,"georgia,lowndes",13185
31632,10295,Lowndes,Georgia,8,0,13,6,6,8,7,453,26.62,63.95,97%,35,3,0,5,1,1,1,1,"georgia,lowndes",13185
31636,9539,Lowndes,Georgia,3,1,9,3,1,5,2,491,14.33,37.26,77%,55,2,0,4,1,1,1,1,"georgia,lowndes",13185
31698,2223,Lowndes,Georgia,2,0,7,1,1,3,2,5794,142.53,313.19,91%,69.99,2,0,4,1,1,1,1,"georgia,lowndes",13185
31699,621,Lowndes,Georgia,2,0,7,1,1,3,2,371,131.23,553.86,0%,69.99,1,0,3,0,0,0,0,"georgia,lowndes",13185
30597,NULL,Lumpkin,Georgia,NA,NA,NA,NA,NA,NA,NA,NA,NA,NA,NA,NA,NA,NA,NA,NA,NA,NA,NA,"georgia,lumpkin",13187
30533,25296,Lumpkin,Georgia,6,0,11,6,5,8,6,11819,36.05,77.82,88%,55,4,0,6,3,2,3,2,"georgia,lumpkin",13187
31041,988,Macon,Georgia,2,1,8,2,2,4,2,NA,NA,NA,61%,NA,7,1,10,1,0,1,0,"georgia,macon",13193
31057,2182,Macon,Georgia,3,0,9,3,3,5,3,264,1.2,2.88,82%,NULL,2,0,4,1,0,1,0,"georgia,macon",13193
31063,5666,Macon,Georgia,3,1,9,3,3,5,3,2686,16.38,38.3,67%,79.99,1,1,4,0,0,0,0,"georgia,macon",13193
31068,5425,Macon,Georgia,4,1,10,4,4,6,4,752,16.49,50.21,82%,50,3,1,6,2,1,2,1,"georgia,macon",13193
30628,6556,Madison,Georgia,6,0,11,6,6,8,6,1275,22.55,36.87,97%,35,3,0,5,1,1,1,1,"georgia,madison",13195
30629,4531,Madison,Georgia,5,1,11,5,5,8,5,612,20.75,50.83,88%,69.99,2,0,4,1,1,1,1,"georgia,madison",13195
30633,8474,Madison,Georgia,4,2,11,4,4,7,4,1739,22.27,47.22,92%,69.99,2,0,4,1,1,1,1,"georgia,madison",13195
30646,6946,Madison,Georgia,7,0,12,6,6,8,6,851,39.97,124.45,93%,35,4,0,6,3,2,3,2,"georgia,madison",13195
30662,8537,Madison,Georgia,6,2,13,3,2,6,2,46,15.63,39.23,95%,55,6,0,8,3,1,3,1,"georgia,madison",13195
31058,2123,Marion,Georgia,3,1,9,3,1,5,1,NA,NA,NA,69%,NA,5,0,7,1,0,1,0,"georgia,marion",13197
31801,3008,Marion,Georgia,7,1,13,7,3,9,3,114,10.64,27.83,72%,55,5,1,8,2,0,3,0,"georgia,marion",13197
31803,5662,Marion,Georgia,5,1,11,4,3,6,3,285,22.52,45.5,77%,69.99,2,1,5,1,0,1,0,"georgia,marion",13197
30808,4615,McDuffie,Georgia,3,1,9,1,1,3,2,176,36.13,165.75,71%,79.99,2,0,4,1,1,1,1,"georgia,mcduffie",13189
30824,17201,McDuffie,Georgia,5,1,11,3,2,5,3,2359,29.82,86.54,86%,35,4,0,6,3,2,3,2,"georgia,mcduffie",13189
31305,5989,McIntosh,Georgia,5,0,10,4,3,6,3,773,33.58,84.19,99%,69.95,4,0,6,3,1,3,1,"georgia,mcintosh",13191
31323,1762,McIntosh,Georgia,3,0,9,3,3,5,3,2,1.51,1.51,82%,69.95,2,0,4,2,1,2,1,"georgia,mcintosh",13191
31331,7856,McIntosh,Georgia,4,0,10,4,3,6,3,1530,32.19,77.99,97%,69.95,3,0,5,3,1,3,1,"georgia,mcintosh",13191
30218,1974,Meriwether,Georgia,2,2,9,0,0,2,0,870,13.26,34.22,0%,NULL,1,0,3,0,0,0,0,"georgia,meriwether",13199
30222,4042,Meriwether,Georgia,3,2,10,3,1,5,1,444,16.29,39.84,59%,55,2,0,4,1,1,1,1,"georgia,meriwether",13199
30251,2342,Meriwether,Georgia,3,1,9,1,1,3,1,113,38.2,83.9,65%,69.99,2,0,4,1,1,1,1,"georgia,meriwether",13199
30293,2981,Meriwether,Georgia,6,2,13,4,4,6,4,39,4.68,9.16,20%,35,3,0,5,1,1,1,1,"georgia,meriwether",13199
31816,6091,Meriwether,Georgia,3,1,9,3,3,5,3,226,76.21,214.79,98%,69.99,3,1,6,2,1,2,1,"georgia,meriwether",13199
31830,2191,Meriwether,Georgia,5,0,10,3,3,5,3,84,6,28.23,81%,69.99,3,0,5,1,1,1,1,"georgia,meriwether",13199
39837,6166,Miller,Georgia,6,2,12,5,3,8,4,813,5.7,10.35,63%,55,3,0,5,0,0,0,0,"georgia,miller",13201
39841,878,Miller,Georgia,3,1,8,0,0,2,1,49,7.65,9.63,0%,NULL,2,0,4,0,0,0,0,"georgia,miller",13201
31784,781,Mitchell,Georgia,4,0,8,2,0,4,1,NA,NA,NA,8%,59.95,5,0,7,0,0,0,0,"georgia,mitchell",13205
31716,2896,Mitchell,Georgia,4,1,10,1,0,3,1,299,2.5,10,35%,59.95,3,0,5,1,0,1,0,"georgia,mitchell",13205
31730,9682,Mitchell,Georgia,6,2,13,3,2,5,3,719,38.42,85.19,75%,59.95,4,0,6,2,1,2,1,"georgia,mitchell",13205
31779,9927,Mitchell,Georgia,7,1,13,5,4,7,5,87,72.74,307.19,64%,35,4,0,6,2,1,2,1,"georgia,mitchell",13205
30233,23218,Monroe,Georgia,6,1,12,6,6,8,7,1288,34.87,69.87,93%,35,4,0,6,3,1,3,1,"georgia,monroe",13207
31029,16287,Monroe,Georgia,10,2,17,10,5,12,6,3876,34.08,84.79,71%,35,3,1,6,2,1,3,1,"georgia,monroe",13207
31046,3343,Monroe,Georgia,7,2,14,3,2,5,2,48,7.31,18.86,44%,NULL,4,0,6,1,0,1,0,"georgia,monroe",13207
30470,517,Montgomery,Georgia,2,1,8,1,1,3,1,NA,NA,NA,11%,NULL,4,0,6,0,0,0,0,"georgia,montgomery",13209
30410,2168,Montgomery,Georgia,6,2,13,3,3,5,3,337,18.29,50.85,40%,79.99,4,0,6,1,1,1,1,"georgia,montgomery",13209
30445,3285,Montgomery,Georgia,4,1,9,3,3,5,3,2107,31.51,72.03,35%,79.99,2,0,4,0,0,0,0,"georgia,montgomery",13209
30473,2972,Montgomery,Georgia,5,2,11,3,3,5,3,49,10.42,29.25,76%,NULL,3,0,5,0,0,0,0,"georgia,montgomery",13209
30474,16594,Montgomery,Georgia,9,2,17,7,5,10,6,12377,50.17,102.4,86%,25,5,0,7,1,1,1,1,"georgia,montgomery",13209
30055,3018,Morgan,Georgia,5,1,11,5,5,7,6,3,79.71,182.86,86%,35,2,0,4,1,0,1,0,"georgia,morgan",13211
30056,2500,Morgan,Georgia,3,1,9,3,3,5,4,31,321.24,868.01,91%,35,2,0,4,1,1,1,1,"georgia,morgan",13211
30625,2438,Morgan,Georgia,5,1,11,5,5,7,6,190,41.45,82.96,64%,35,2,0,4,1,0,1,0,"georgia,morgan",13211
30650,11708,Morgan,Georgia,6,1,12,6,5,8,6,4549,48.91,91.49,76%,35,3,0,5,2,1,2,1,"georgia,morgan",13211
30663,3032,Morgan,Georgia,5,1,11,4,2,6,3,1479,81.82,141.8,65%,35,3,0,5,1,1,1,1,"georgia,morgan",13211
30708,293,Murray,Georgia,2,0,7,2,2,4,2,NA,NA,NA,95%,74.99,4,0,6,1,1,1,1,"georgia,murray",13213
30705,33566,Murray,Georgia,8,2,15,5,4,7,4,15251,66.07,203.97,99%,55,5,0,7,2,1,2,1,"georgia,murray",13213
30711,3569,Murray,Georgia,3,0,8,3,3,5,3,236,22.21,62.73,95%,69.99,2,0,4,1,1,1,1,"georgia,murray",13213
31993,NULL,Muscogee,Georgia,NA,NA,NA,NA,NA,NA,NA,NA,NA,NA,NA,NA,NA,NA,NA,NA,NA,NA,NA,"georgia,muscogee",13215
31997,NULL,Muscogee,Georgia,NA,NA,NA,NA,NA,NA,NA,NA,NA,NA,NA,NA,NA,NA,NA,NA,NA,NA,NA,"georgia,muscogee",13215
31998,NULL,Muscogee,Georgia,NA,NA,NA,NA,NA,NA,NA,NA,NA,NA,NA,NA,NA,NA,NA,NA,NA,NA,NA,"georgia,muscogee",13215
31999,NULL,Muscogee,Georgia,NA,NA,NA,NA,NA,NA,NA,NA,NA,NA,NA,NA,NA,NA,NA,NA,NA,NA,NA,"georgia,muscogee",13215
31820,8473,Muscogee,Georgia,7,1,14,7,6,9,6,1731,67.7,175.74,99%,35,4,1,7,4,1,5,1,"georgia,muscogee",13215
31829,1370,Muscogee,Georgia,5,0,10,5,5,7,5,21,11.42,26.62,99%,35,3,0,5,3,1,3,1,"georgia,muscogee",13215
31901,8638,Muscogee,Georgia,10,0,16,9,7,11,7,2969,286.71,510.05,100%,35,6,0,8,3,2,3,2,"georgia,muscogee",13215
31903,20128,Muscogee,Georgia,7,0,13,6,4,8,4,758,53.95,183.74,99%,35,5,0,7,3,2,3,2,"georgia,muscogee",13215
31904,32871,Muscogee,Georgia,9,0,15,7,6,9,6,24555,94.97,261,99%,35,6,0,8,4,2,4,2,"georgia,muscogee",13215
31906,21757,Muscogee,Georgia,8,0,14,8,7,10,7,7717,154.98,447.46,100%,35,4,0,6,4,2,4,2,"georgia,muscogee",13215
31907,55332,Muscogee,Georgia,8,0,14,8,7,10,7,48729,82.51,163.06,99%,35,5,0,7,4,2,4,2,"georgia,muscogee",13215
31909,35177,Muscogee,Georgia,8,1,15,8,7,10,7,26654,101.58,291.1,100%,35,7,0,9,6,2,6,2,"georgia,muscogee",13215
30014,35037,Newton,Georgia,8,0,13,7,7,9,8,6984,67.92,190.11,97%,35,6,0,8,3,2,3,2,"georgia,newton",13217
30016,51140,Newton,Georgia,7,0,12,7,6,9,7,17198,66.4,191.08,100%,35,6,0,8,4,3,4,3,"georgia,newton",13217
30054,11985,Newton,Georgia,6,0,11,6,6,8,7,291,78.12,137.68,100%,35,3,0,5,3,2,3,2,"georgia,newton",13217
30621,5109,Oconee,Georgia,6,1,12,5,5,7,6,1013,19.88,44.93,96%,35,3,0,5,2,1,2,1,"georgia,oconee",13219
30622,10344,Oconee,Georgia,6,0,11,6,6,8,7,1714,71.57,211.39,100%,35,3,0,5,3,2,3,2,"georgia,oconee",13219
30677,17065,Oconee,Georgia,6,1,12,6,6,8,7,5558,47.58,114.33,96%,35,3,0,5,3,2,3,2,"georgia,oconee",13219
30667,1035,Oglethorpe,Georgia,2,0,7,1,1,3,1,NA,NA,NA,54%,NA,4,0,6,0,0,0,0,"georgia,oglethorpe",13221
30619,1440,Oglethorpe,Georgia,6,0,11,3,3,5,3,58,56.11,160.82,61%,69.99,3,0,5,1,1,1,1,"georgia,oglethorpe",13221
30627,2273,Oglethorpe,Georgia,5,1,11,3,2,5,2,150,0.87,1.87,70%,55,2,0,4,1,1,1,1,"georgia,oglethorpe",13221
30630,2438,Oglethorpe,Georgia,4,0,9,3,3,5,3,218,13.84,46.3,88%,69.99,3,0,5,1,1,1,1,"georgia,oglethorpe",13221
30648,2988,Oglethorpe,Georgia,5,0,10,4,3,6,3,45,13.14,46.17,83%,69.99,3,0,5,2,2,2,2,"georgia,oglethorpe",13221
30132,34215,Paulding,Georgia,8,1,14,6,6,8,7,12133,104.56,275.3,100%,35,4,0,6,2,1,2,1,"georgia,paulding",13223
30141,22457,Paulding,Georgia,5,0,10,5,5,7,6,2750,82.13,230.61,100%,35,3,0,5,3,1,3,1,"georgia,paulding",13223
30157,45123,Paulding,Georgia,5,2,12,5,5,8,7,20202,110.18,281,100%,35,4,0,6,3,1,3,1,"georgia,paulding",13223
31008,18453,Peach,Georgia,9,0,15,6,4,8,4,6862,21.18,50.34,97%,65.99,5,0,7,3,1,3,1,"georgia,peach",13225
31030,18977,Peach,Georgia,11,3,20,9,5,11,5,2355,25.7,68.07,84%,55,5,0,7,3,1,3,1,"georgia,peach",13225
30148,453,Pickens,Georgia,4,0,9,4,4,6,5,NA,NA,NA,79%,66.95,4,0,6,2,1,2,1,"georgia,pickens",13227
30143,21145,Pickens,Georgia,10,1,16,9,8,11,9,15694,16.87,41.03,96%,66.95,7,0,9,5,3,5,3,"georgia,pickens",13227
30175,6074,Pickens,Georgia,6,1,12,5,4,7,4,470,22.92,39.49,73%,69.99,5,0,7,3,2,3,2,"georgia,pickens",13227
30177,1049,Pickens,Georgia,5,0,10,4,3,6,4,32,44.45,122.26,98%,66.95,5,0,7,4,2,4,2,"georgia,pickens",13227
31551,1020,Pierce,Georgia,3,1,9,1,1,3,1,NA,NA,NA,12%,NA,3,0,5,0,0,0,0,"georgia,pierce",13229
31516,14735,Pierce,Georgia,5,1,11,3,2,5,2,5529,21.53,49.27,87%,25,5,0,7,2,1,2,1,"georgia,pierce",13229
31557,3043,Pierce,Georgia,5,1,11,4,4,6,4,1,24.39,24.39,67%,25,5,0,7,3,1,3,1,"georgia,pierce",13229
30206,2958,Pike,Georgia,4,2,11,4,2,6,2,50,106.55,814.42,78%,55,1,1,4,0,0,0,0,"georgia,pike",13231
30256,2826,Pike,Georgia,4,2,11,2,2,4,2,11,8.29,19.29,31%,69.99,3,1,6,1,1,1,1,"georgia,pike",13231
30258,2622,Pike,Georgia,5,2,12,4,3,6,3,24,2.17,5.18,54%,55,3,1,6,1,1,1,1,"georgia,pike",13231
30292,5943,Pike,Georgia,5,2,12,5,5,7,6,59,63.11,128.14,90%,35,2,0,4,2,1,2,1,"georgia,pike",13231
30295,4159,Pike,Georgia,3,2,10,3,1,5,2,1575,9.64,14.73,84%,55,1,1,4,0,0,0,0,"georgia,pike",13231
30104,4708,Polk,Georgia,5,1,11,5,5,7,6,461,22.11,60.63,97%,35,3,0,5,3,2,3,2,"georgia,polk",13233
30125,24352,Polk,Georgia,6,3,14,6,6,10,8,7905,73.62,206.76,99%,35,4,0,6,3,2,3,2,"georgia,polk",13233
30153,18411,Polk,Georgia,7,3,15,6,6,9,8,2605,53.46,154.52,100%,35,4,0,6,3,2,3,2,"georgia,polk",13233
31036,12998,Pulaski,Georgia,4,1,10,3,3,5,3,2710,42.94,107.57,73%,NULL,4,0,6,2,0,2,0,"georgia,pulaski",13235
31026,NULL,Putnam,Georgia,NA,NA,NA,NA,NA,NA,NA,NA,NA,NA,NA,NA,NA,NA,NA,NA,NA,NA,NA,"georgia,putnam",13237
31024,20039,Putnam,Georgia,11,1,17,10,9,12,10,5175,161.94,455.76,95%,35,6,0,8,3,2,3,2,"georgia,putnam",13237
39854,2592,Quitman,Georgia,5,1,11,2,2,4,2,NA,NA,NA,66%,74.99,5,0,7,1,0,1,0,"georgia,quitman",13239
30525,7364,Rabun,Georgia,5,0,10,5,5,7,6,1017,19.57,52.6,92%,59.95,4,0,6,3,1,3,1,"georgia,rabun",13241
30537,1249,Rabun,Georgia,3,0,8,3,3,5,4,2,1.24,1.24,94%,NULL,4,0,6,2,1,2,1,"georgia,rabun",13241
30552,1697,Rabun,Georgia,5,0,10,5,5,7,5,1530,40.95,71.74,90%,79.99,3,0,5,2,1,2,1,"georgia,rabun",13241
30568,1877,Rabun,Georgia,5,0,9,5,5,7,6,53,27.48,76.07,92%,59.95,4,0,6,2,1,2,1,"georgia,rabun",13241
30576,2521,Rabun,Georgia,6,0,11,6,6,8,6,3369,10.32,10.77,90%,59.95,4,0,6,3,1,3,1,"georgia,rabun",13241
39836,461,Randolph,Georgia,3,0,7,3,3,5,3,2,11.83,11.83,43%,69.99,2,0,4,1,1,1,1,"georgia,randolph",13243
39840,5726,Randolph,Georgia,4,1,9,4,4,6,4,1,3.34,3.34,88%,69.99,2,0,4,1,1,1,1,"georgia,randolph",13243
39886,1616,Randolph,Georgia,2,1,7,2,2,4,2,17,30.73,77.59,75%,69.99,2,0,4,1,1,1,1,"georgia,randolph",13243
30905,8955,Richmond,Georgia,4,0,9,2,1,4,2,NA,NA,NA,22%,44.99,6,0,8,2,1,2,1,"georgia,richmond",13245
30911,NULL,Richmond,Georgia,NA,NA,NA,NA,NA,NA,NA,NA,NA,NA,NA,NA,NA,NA,NA,NA,NA,NA,NA,"georgia,richmond",13245
30913,NULL,Richmond,Georgia,NA,NA,NA,NA,NA,NA,NA,NA,NA,NA,NA,NA,NA,NA,NA,NA,NA,NA,NA,"georgia,richmond",13245
30999,NULL,Richmond,Georgia,NA,NA,NA,NA,NA,NA,NA,NA,NA,NA,NA,NA,NA,NA,NA,NA,NA,NA,NA,"georgia,richmond",13245
30805,2734,Richmond,Georgia,3,1,9,1,1,3,2,134,11,29.86,86%,79.99,2,0,4,1,1,1,1,"georgia,richmond",13245
30815,39640,Richmond,Georgia,7,1,13,7,5,9,6,10059,56.35,169.67,99%,35,3,0,5,2,1,2,1,"georgia,richmond",13245
30901,16445,Richmond,Georgia,6,0,11,6,3,8,4,10670,56.05,167.45,95%,35,5,0,7,3,2,3,2,"georgia,richmond",13245
30904,25666,Richmond,Georgia,6,0,11,6,5,8,6,7634,77.51,218.87,100%,35,4,0,6,3,1,3,1,"georgia,richmond",13245
30906,57748,Richmond,Georgia,6,0,11,6,3,8,4,6443,85.28,233.49,99%,35,3,0,5,2,1,2,1,"georgia,richmond",13245
30909,41585,Richmond,Georgia,8,0,13,8,7,10,8,40691,58.12,181.56,100%,35,3,0,5,3,1,3,1,"georgia,richmond",13245
30912,296,Richmond,Georgia,4,0,9,2,1,4,2,493,91.25,194.46,63%,44.99,3,0,5,2,1,2,1,"georgia,richmond",13245
30012,27258,Rockdale,Georgia,7,0,12,5,5,7,6,8925,100.89,229.38,100%,35,6,0,8,3,2,3,2,"georgia,rockdale",13247
30013,25183,Rockdale,Georgia,6,0,11,6,6,8,7,6184,99.52,205.87,97%,35,5,0,7,3,2,3,2,"georgia,rockdale",13247
30094,31244,Rockdale,Georgia,7,0,12,6,6,8,7,15897,79.63,181.99,100%,35,5,0,7,4,2,4,2,"georgia,rockdale",13247
31806,4962,Schley,Georgia,7,1,13,5,4,7,4,108,50.09,127.79,80%,69.99,4,2,8,2,1,3,2,"georgia,schley",13249
30455,597,Screven,Georgia,1,0,6,1,1,3,2,NA,NA,NA,100%,NA,1,0,3,1,1,1,1,"georgia,screven",13251
30446,1357,Screven,Georgia,4,0,8,4,4,6,5,83,37.68,79.2,100%,79.99,2,0,4,1,1,1,1,"georgia,screven",13251
30467,12600,Screven,Georgia,4,2,11,4,4,6,5,4596,31.71,75.11,99%,79.99,2,0,4,1,1,1,1,"georgia,screven",13251
39859,1281,Seminole,Georgia,3,2,10,3,3,6,3,NA,NA,NA,64%,29.99,6,0,8,0,0,0,0,"georgia,seminole",13253
39845,7871,Seminole,Georgia,3,1,9,3,3,5,3,429,27.38,66.67,82%,69.99,2,0,4,1,1,1,1,"georgia,seminole",13253
30223,36769,Spalding,Georgia,5,1,11,5,5,7,6,13480,69.23,224.14,98%,35,4,0,6,3,2,3,2,"georgia,spalding",13255
30224,25197,Spalding,Georgia,6,1,12,6,6,8,7,3366,45.24,88.69,99%,35,3,0,5,3,2,3,2,"georgia,spalding",13255
30538,2854,Stephens,Georgia,6,0,11,6,5,8,5,233,12.92,25.92,88%,79.95,4,0,6,2,1,2,1,"georgia,stephens",13257
30557,4975,Stephens,Georgia,5,0,10,5,4,7,4,150,19.98,27.78,83%,79.95,5,0,7,3,1,3,1,"georgia,stephens",13257
30577,22230,Stephens,Georgia,8,0,13,8,7,10,7,19378,30.36,95.42,94%,59.95,5,0,7,3,1,3,1,"georgia,stephens",13257
31815,3675,Stewart,Georgia,3,1,9,2,2,4,2,NA,NA,NA,72%,29.99,6,0,8,1,1,1,1,"georgia,stewart",13259
31821,250,Stewart,Georgia,1,0,6,0,0,2,0,116,14.84,21.36,0%,NULL,1,0,3,0,0,0,0,"georgia,stewart",13259
31825,2312,Stewart,Georgia,4,2,11,1,1,3,1,4,30.47,30.93,57%,69.99,4,0,6,2,2,2,2,"georgia,stewart",13259
31711,867,Sumter,Georgia,5,2,12,2,2,4,2,NA,NA,NA,32%,29.99,8,1,11,1,1,1,1,"georgia,sumter",13261
31743,630,Sumter,Georgia,2,0,7,1,1,3,1,NA,NA,NA,6%,88,2,0,4,0,0,0,0,"georgia,sumter",13261
31709,16019,Sumter,Georgia,6,2,13,2,2,4,2,1678,78.98,219.6,91%,44.95,4,1,7,1,1,1,1,"georgia,sumter",13261
31719,10977,Sumter,Georgia,6,2,13,2,1,4,1,242,36.04,90.86,90%,50,4,1,7,1,1,1,1,"georgia,sumter",13261
31735,817,Sumter,Georgia,2,0,7,1,1,3,1,294,7.48,18.76,80%,88,1,0,3,0,0,0,0,"georgia,sumter",13261
31764,1296,Sumter,Georgia,5,2,12,2,2,4,2,206,3.51,6.61,5%,69.99,3,1,6,1,1,1,1,"georgia,sumter",13261
31780,2285,Sumter,Georgia,2,2,9,1,1,3,1,14,20.66,47.41,12%,69.99,3,1,6,1,1,1,1,"georgia,sumter",13261
31812,565,Talbot,Georgia,1,1,6,1,0,3,0,NA,NA,NA,65%,NA,1,1,4,1,0,2,0,"georgia,talbot",13263
31827,2134,Talbot,Georgia,4,1,10,2,1,4,1,NA,NA,NA,91%,74.99,4,1,7,2,1,3,1,"georgia,talbot",13263
31836,1154,Talbot,Georgia,4,1,9,3,3,5,3,1,2.05,2.05,79%,69.99,3,0,5,2,1,2,1,"georgia,talbot",13263
30631,1767,Taliaferro,Georgia,3,0,8,1,1,3,1,451,7.45,14.78,93%,59.99,2,0,4,1,1,1,1,"georgia,taliaferro",13265
30499,NULL,Tattnall,Georgia,NA,NA,NA,NA,NA,NA,NA,NA,NA,NA,NA,NA,NA,NA,NA,NA,NA,NA,NA,"georgia,tattnall",13267
30420,1460,Tattnall,Georgia,2,0,8,2,2,4,2,12,36.86,49.5,100%,50,2,0,4,1,1,1,1,"georgia,tattnall",13267
30421,3381,Tattnall,Georgia,7,1,13,7,6,9,6,259,17.21,42.43,81%,40,4,0,6,1,1,1,1,"georgia,tattnall",13267
30427,12864,Tattnall,Georgia,6,1,13,5,5,7,5,2259,18.38,39.48,77%,50,3,0,5,1,1,1,1,"georgia,tattnall",13267
30453,9703,Tattnall,Georgia,8,1,14,6,6,8,6,1460,38.9,99.28,73%,50,3,0,5,0,0,0,0,"georgia,tattnall",13267
31081,251,Taylor,Georgia,2,1,7,1,0,3,0,NA,NA,NA,54%,NA,3,0,5,0,0,0,0,"georgia,taylor",13269
31006,4923,Taylor,Georgia,5,1,11,4,0,6,0,2012,10.31,23.71,86%,NULL,2,1,5,1,0,2,0,"georgia,taylor",13269
31076,3064,Taylor,Georgia,4,1,10,3,1,5,1,2085,40.34,42.59,89%,NULL,3,1,6,2,0,3,0,"georgia,taylor",13269
31055,8245,Telfair,Georgia,7,1,12,3,3,5,3,NA,NA,NA,86%,29.99,8,0,10,1,1,1,1,"georgia,telfair",13271
31060,1915,Telfair,Georgia,2,0,6,2,2,4,2,584,15.06,31.24,48%,NULL,2,0,4,0,0,0,0,"georgia,telfair",13271
31544,994,Telfair,Georgia,2,0,6,1,1,3,1,120,11.48,30.62,73%,NULL,1,0,3,0,0,0,0,"georgia,telfair",13271
31549,2239,Telfair,Georgia,5,1,10,2,1,4,1,3,32.02,43.22,64%,69.99,3,0,5,1,1,1,1,"georgia,telfair",13271
39826,418,Terrell,Georgia,1,0,6,1,1,3,1,NA,NA,NA,67%,NA,4,0,6,0,0,0,0,"georgia,terrell",13273
39877,500,Terrell,Georgia,1,1,6,1,1,3,1,NA,NA,NA,32%,NA,5,0,7,0,0,0,0,"georgia,terrell",13273
39842,8357,Terrell,Georgia,5,2,12,3,3,5,4,1720,25.04,65.22,81%,69.99,3,0,5,1,1,1,1,"georgia,terrell",13273
31626,3463,Thomas,Georgia,5,1,11,3,3,5,4,32,10.38,16.31,55%,69.99,4,0,6,2,1,2,1,"georgia,thomas",13275
31738,2102,Thomas,Georgia,4,1,10,1,1,3,2,2394,58.12,75.93,74%,NULL,3,0,5,1,0,1,0,"georgia,thomas",13275
31757,10451,Thomas,Georgia,9,1,15,6,4,8,5,512,59.91,145.82,95%,35,5,0,7,2,1,2,1,"georgia,thomas",13275
31765,2647,Thomas,Georgia,5,1,11,3,3,5,4,121,35.83,106.03,58%,69.99,3,0,5,1,1,1,1,"georgia,thomas",13275
31773,3729,Thomas,Georgia,6,1,12,4,3,6,4,70,15.61,41.3,68%,69.99,4,0,6,3,1,3,1,"georgia,thomas",13275
31778,2562,Thomas,Georgia,4,1,10,2,2,4,3,4,19.39,26.2,73%,NULL,2,0,4,0,0,0,0,"georgia,thomas",13275
31792,23835,Thomas,Georgia,9,1,15,7,6,9,7,7362,33.27,67.32,97%,35,5,0,7,3,1,3,1,"georgia,thomas",13275
31733,1580,Tift,Georgia,4,1,10,2,2,4,3,2,14.69,14.69,14%,69.99,3,0,5,1,1,1,1,"georgia,tift",13277
31793,9043,Tift,Georgia,6,1,12,4,3,6,4,586,35.41,78.06,79%,34.95,5,0,7,1,1,1,1,"georgia,tift",13277
31794,27153,Tift,Georgia,9,1,15,6,4,8,5,8732,69.68,198.74,98%,25,6,0,8,2,2,2,2,"georgia,tift",13277
31795,2010,Tift,Georgia,4,1,10,2,2,4,3,13,3.33,5.26,66%,34.95,3,0,5,1,1,1,1,"georgia,tift",13277
30436,11961,Toombs,Georgia,8,2,16,5,5,7,5,2541,51.75,102.91,41%,50,6,0,8,1,1,1,1,"georgia,toombs",13279
30546,6496,Towns,Georgia,4,0,9,4,3,6,4,6139,29.71,74.4,98%,42.95,3,0,5,2,1,2,1,"georgia,towns",13281
30582,4567,Towns,Georgia,4,0,9,4,3,6,3,1997,31.07,66.5,99%,42.95,3,0,5,2,1,2,1,"georgia,towns",13281
30457,6424,Treutlen,Georgia,4,2,12,4,3,6,3,1030,6.41,10.37,13%,34.95,4,0,6,2,2,2,2,"georgia,treutlen",13283
30230,9103,Troup,Georgia,5,1,11,5,5,7,5,11522,34.98,90.5,90%,35,2,0,4,1,1,1,1,"georgia,troup",13285
30240,30014,Troup,Georgia,7,0,12,7,6,9,7,10844,103.28,376.64,99%,35,3,0,5,3,1,3,1,"georgia,troup",13285
30241,23176,Troup,Georgia,6,0,11,6,6,8,6,4386,92.4,204.88,99%,35,2,0,4,2,1,2,1,"georgia,troup",13285
31833,6900,Troup,Georgia,8,1,14,7,6,9,7,1068,16.17,43.59,93%,35,5,0,7,2,1,2,1,"georgia,troup",13285
31714,6474,Turner,Georgia,5,1,11,4,4,6,5,461,8.3,22.13,78%,34.95,4,0,6,1,1,1,1,"georgia,turner",13287
31783,1107,Turner,Georgia,1,0,6,1,1,3,2,123,9.4,15.58,27%,NULL,1,0,3,0,0,0,0,"georgia,turner",13287
31790,2078,Turner,Georgia,6,1,12,4,4,6,5,18,15.38,37.67,81%,69.99,3,0,5,1,1,1,1,"georgia,turner",13287
31017,1985,Twiggs,Georgia,6,0,11,1,1,3,1,8,8.84,9.31,48%,NULL,3,0,5,0,0,0,0,"georgia,twiggs",13289
31020,2541,Twiggs,Georgia,6,2,14,4,4,6,4,16,9.4,24.04,31%,44.95,4,0,6,1,1,1,1,"georgia,twiggs",13289
31031,6576,Twiggs,Georgia,7,1,13,4,4,6,4,2983,21.68,48.35,78%,69.99,4,0,6,1,1,1,1,"georgia,twiggs",13289
31044,2911,Twiggs,Georgia,3,0,8,2,2,4,2,434,26.02,68.48,63%,NULL,2,0,4,0,0,0,0,"georgia,twiggs",13289
30512,19490,Union,Georgia,7,1,13,6,5,8,5,10419,28.71,71.29,96%,42.95,6,0,8,6,3,6,3,"georgia,union",13291
30572,1260,Union,Georgia,5,0,10,5,4,7,4,76,22.57,38.24,90%,42.95,4,0,6,3,1,3,1,"georgia,union",13291
30285,707,Upson,Georgia,4,2,11,1,1,3,1,25,5.16,12.53,43%,NULL,3,0,5,1,0,1,0,"georgia,upson",13293
30286,23490,Upson,Georgia,4,2,11,4,4,6,4,8435,45.77,167.76,97%,69.99,4,1,7,3,1,3,1,"georgia,upson",13293
31097,1302,Upson,Georgia,5,2,12,3,2,5,2,485,11.17,28.57,53%,NULL,5,1,8,3,0,3,0,"georgia,upson",13293
30707,16483,Walker,Georgia,10,0,16,6,6,8,7,3415,42.54,131.39,98%,57.99,8,0,10,4,3,4,3,"georgia,walker",13295
30725,4647,Walker,Georgia,6,1,13,5,5,7,6,53,29.75,54.26,100%,55,5,0,7,4,2,4,2,"georgia,walker",13295
30728,19612,Walker,Georgia,5,1,11,5,5,7,5,4503,79.72,213.7,94%,57.99,5,0,7,3,3,3,3,"georgia,walker",13295
30739,5571,Walker,Georgia,5,0,10,4,4,6,4,425,65.67,183.24,98%,79.99,6,0,8,4,2,4,2,"georgia,walker",13295
30741,29290,Walker,Georgia,9,1,16,7,7,9,8,11338,98.07,254.6,99%,35,9,0,11,6,5,6,5,"georgia,walker",13295
30750,4125,Walker,Georgia,7,2,15,6,6,8,7,1104,75.04,227.75,100%,55,5,0,7,4,3,4,3,"georgia,walker",13295
30641,1810,Walton,Georgia,5,0,10,4,2,6,3,NA,NA,NA,71%,55,10,0,12,1,1,1,1,"georgia,walton",13297
30025,9270,Walton,Georgia,8,0,13,8,8,10,9,587,35.96,43.13,90%,35,4,0,6,3,2,3,2,"georgia,walton",13297
30052,59451,Walton,Georgia,7,0,12,7,6,9,7,62972,100.12,232.77,100%,35,3,0,5,2,1,2,1,"georgia,walton",13297
30655,24136,Walton,Georgia,6,0,11,6,6,8,7,5552,57.05,190.49,87%,35,3,0,5,2,1,2,1,"georgia,walton",13297
30656,15133,Walton,Georgia,5,0,10,5,4,7,5,4708,71.92,199.61,90%,35,2,0,4,1,1,1,1,"georgia,walton",13297
31501,15576,Ware,Georgia,9,1,15,7,7,9,7,6185,43.53,113.29,90%,25,4,0,6,2,1,2,1,"georgia,ware",13299
31503,21116,Ware,Georgia,8,2,15,7,7,9,7,7110,59.93,152.39,92%,25,4,0,6,4,1,4,1,"georgia,ware",13299
31550,780,Ware,Georgia,3,1,9,1,1,3,1,295,82.31,314.59,0%,25,3,0,5,1,1,1,1,"georgia,ware",13299
31552,932,Ware,Georgia,4,1,10,1,1,3,1,17,3.87,8.39,4%,35,2,0,4,0,0,0,0,"georgia,ware",13299
31045,73,Warren,Georgia,0,1,5,0,0,2,0,NA,NA,NA,0%,NA,1,0,3,0,0,0,0,"georgia,warren",13301
30821,882,Warren,Georgia,3,1,9,0,0,2,0,15,12.74,19.4,0%,NULL,2,0,4,1,1,1,1,"georgia,warren",13301
30828,4368,Warren,Georgia,2,2,9,0,0,2,1,252,59.55,186.24,0%,NULL,1,0,3,0,0,0,0,"georgia,warren",13301
30820,1205,Washington,Georgia,3,1,8,1,1,3,1,269,7,19.46,1%,NULL,2,0,4,0,0,0,0,"georgia,washington",13303
31018,2837,Washington,Georgia,1,1,6,1,1,3,1,55,46.01,96.06,94%,NULL,4,0,6,1,1,1,1,"georgia,washington",13303
31035,1364,Washington,Georgia,2,0,6,0,0,2,0,747,12.43,35.28,0%,NULL,2,0,4,0,0,0,0,"georgia,washington",13303
31082,10408,Washington,Georgia,6,1,12,6,4,8,4,1799,30.66,61.16,82%,55,5,0,7,2,2,2,2,"georgia,washington",13303
31089,4838,Washington,Georgia,3,1,9,1,1,3,1,1043,90.33,201.66,66%,69.99,2,0,4,1,1,1,1,"georgia,washington",13303
31094,1114,Washington,Georgia,3,1,8,2,1,4,1,1073,5.11,12.68,25%,NULL,2,0,4,0,0,0,0,"georgia,washington",13303
31599,NULL,Wayne,Georgia,NA,NA,NA,NA,NA,NA,NA,NA,NA,NA,NA,NA,NA,NA,NA,NA,NA,NA,NA,"georgia,wayne",13305
31545,16133,Wayne,Georgia,5,1,11,3,3,5,3,2668,83.18,229.61,92%,79.99,4,0,6,2,2,2,2,"georgia,wayne",13305
31546,8095,Wayne,Georgia,4,1,11,2,2,4,2,144,18.91,46.4,64%,69.99,3,0,5,2,1,2,1,"georgia,wayne",13305
31555,2868,Wayne,Georgia,5,1,11,3,3,5,3,7,26.58,51.54,79%,79.99,3,0,5,1,1,1,1,"georgia,wayne",13305
31560,2842,Wayne,Georgia,3,1,9,3,3,5,3,453,29.92,91.49,81%,79.99,3,0,5,1,1,1,1,"georgia,wayne",13305
31832,217,Webster,Georgia,2,1,7,2,2,4,2,NA,NA,NA,76%,NA,1,1,4,0,0,0,0,"georgia,webster",13307
31824,1838,Webster,Georgia,2,1,8,1,1,3,1,3,5.13,6.38,63%,NULL,1,1,4,0,0,0,0,"georgia,webster",13307
30411,4371,Wheeler,Georgia,4,1,9,2,1,4,1,370,15.8,26.32,73%,79.95,4,0,6,0,0,0,0,"georgia,wheeler",13309
30428,2766,Wheeler,Georgia,4,0,9,1,0,3,0,191,8.92,21.23,18%,79.95,3,0,5,0,0,0,0,"georgia,wheeler",13309
30528,22679,White,Georgia,5,2,12,5,4,8,4,18233,61.15,225.77,95%,55,3,0,5,3,1,3,1,"georgia,white",13311
30545,936,White,Georgia,3,1,9,3,3,5,3,2332,77.12,106.61,88%,59.95,2,0,4,1,1,1,1,"georgia,white",13311
30571,3682,White,Georgia,3,1,9,3,3,5,3,172,70.3,98.55,91%,59.95,2,0,4,1,1,1,1,"georgia,white",13311
30710,6661,Whitfield,Georgia,6,0,11,4,4,6,5,651,14.89,35.19,100%,43.95,5,0,7,2,1,2,1,"georgia,whitfield",13313
30720,26895,Whitfield,Georgia,4,1,10,4,4,6,4,6387,44.99,105.47,100%,43.95,3,0,5,2,1,2,1,"georgia,whitfield",13313
30721,53601,Whitfield,Georgia,7,1,13,6,6,8,6,17395,34.92,93.46,100%,43.95,5,0,7,4,2,4,2,"georgia,whitfield",13313
30740,8600,Whitfield,Georgia,5,1,11,5,4,7,4,682,31.58,99.21,99%,43.95,4,0,6,2,1,2,1,"georgia,whitfield",13313
30755,9590,Whitfield,Georgia,6,1,12,6,5,8,5,622,56.06,111.26,99%,43.95,5,0,7,4,2,4,2,"georgia,whitfield",13313
31001,4816,Wilcox,Georgia,2,0,6,2,2,4,2,398,19.52,52.86,74%,NULL,1,0,3,0,0,0,0,"georgia,wilcox",13315
31071,1199,Wilcox,Georgia,5,0,10,4,4,6,4,470,24.07,37.38,57%,79.99,3,0,5,0,0,0,0,"georgia,wilcox",13315
31072,1326,Wilcox,Georgia,1,1,7,1,1,3,1,14,7.97,13.32,37%,NULL,2,0,4,0,0,0,0,"georgia,wilcox",13315
31079,2398,Wilcox,Georgia,2,0,7,2,2,4,2,310,16.98,54.5,55%,NULL,1,0,3,0,0,0,0,"georgia,wilcox",13315
30660,1191,Wilkes,Georgia,3,0,8,1,1,3,1,38,5.11,15.42,90%,59.99,2,0,4,1,1,1,1,"georgia,wilkes",13317
30668,1924,Wilkes,Georgia,2,0,7,1,1,3,1,59,120.14,462.44,100%,59.99,1,0,3,1,1,1,1,"georgia,wilkes",13317
30673,7897,Wilkes,Georgia,3,0,7,2,2,4,2,2188,40.73,90.9,100%,59.99,1,0,3,1,1,1,1,"georgia,wilkes",13317
31042,1841,Wilkinson,Georgia,6,1,12,1,1,3,1,48,14.25,40.98,67%,NULL,2,0,4,0,0,0,0,"georgia,wilkinson",13319
31054,1671,Wilkinson,Georgia,2,0,7,2,2,4,2,24,7.22,18.19,70%,NULL,1,0,3,0,0,0,0,"georgia,wilkinson",13319
31090,1038,Wilkinson,Georgia,3,1,9,1,1,3,1,127,10.87,18.14,56%,NULL,2,0,4,0,0,0,0,"georgia,wilkinson",13319
31772,482,Worth,Georgia,2,0,7,1,1,3,2,NA,NA,NA,0%,29.99,1,0,3,0,0,0,0,"georgia,worth",13321
31789,1236,Worth,Georgia,3,1,9,1,1,3,2,NA,NA,NA,43%,29.99,5,0,7,1,1,1,1,"georgia,worth",13321
31796,1112,Worth,Georgia,3,0,8,2,2,4,3,NA,NA,NA,29%,34.95,4,0,6,0,0,0,0,"georgia,worth",13321
31775,2979,Worth,Georgia,3,1,9,3,3,5,4,423,27.17,68.81,66%,34.95,3,0,5,1,1,1,1,"georgia,worth",13321
31781,1752,Worth,Georgia,3,1,9,1,1,3,2,6,14.91,23.54,85%,69.99,2,0,4,1,1,1,1,"georgia,worth",13321
31791,12354,Worth,Georgia,6,1,12,2,2,4,3,539,61.84,258.46,87%,69.99,3,0,5,1,1,1,1,"georgia,worth",13321
